Марка;Модель;Ком;Заголовок;Описание;Цена
Toyota;Corolla;9;Втулка стабилизатора передней подвески, внутренняя на Toyota Corolla;Втулка стабилизатора передней подвески, внутренняя. Применяемость: COROLLA (NZE121, ZZE121), COROLLA RUNX/ALLEX (NZE121, ZZE122), COROLLA/FIELDER (NZE12#, ZZE122), WILL VS (NZE127). OEM:4881502060, 4881512320. Артикул: HR821366. Производитель Hanse (Чехия). Высокое качество. Звоните, заказывайте!;600;
Toyota;Corolla;9;Комплект ГРМ на Toyota Corolla;Комплект ГРМ. Применяемость: COROLLA (ZZE12#) дв.3ZZFE,4ZZFE. OEM:1350622030#, 135210D020#, 135230D010#, 135400D030#, 1356122020#, 1355922011#. Артикул: HZ82K007. Производитель Hanse (Чехия). Высокое качество. Звоните, заказывайте!;53300;
Toyota;Corolla;7;Втулка стабилизатора передней подвески, внутренняя на Toyota Corolla;Втулка стабилизатора передней подвески, внутренняя. Применяемость: COROLLA _E10_. OEM:4881512220. Артикул: HR821015. Производитель Hanse (Чехия). Высокое качество. Звоните, заказывайте!;800;
Toyota;Corolla;7;Опора двигателя, задняя на Toyota Corolla;Опора двигателя, задняя. Применяемость: COROLLA _E10_. OEM:1237111430, 1237111431. Артикул: HR821162. Производитель Hanse (Чехия). Высокое качество. Звоните, заказывайте!;6400;
Toyota;Corolla;7;Опора двигателя, задняя на Toyota Corolla;Опора двигателя, задняя. Применяемость: COROLLA _E10_. OEM:1237116280, 1237115240. Артикул: HR821164. Производитель Hanse (Чехия). Высокое качество. Звоните, заказывайте!;5700;
Toyota;Corolla;7;Рулевая тяга на Toyota Corolla;Рулевая тяга. Применяемость: COROLLA _E10_. OEM:4550329365, 4550319175, 4550319215. Артикул: HT820107. Производитель Hanse (Чехия). Высокое качество. Звоните, заказывайте!;4000;
Toyota;Corolla;6;Опора шаровая нижнего рычага передней подвески, левая на Toyota Corolla;Опора шаровая нижнего рычага передней подвески, левая. Применяемость: COROLLA _E9_. OEM:4334019016, 4334019015. Артикул: HB821213. Производитель Hanse (Чехия). Высокое качество. Звоните, заказывайте!;4900;
Toyota;Corolla;6;Опора шаровая нижнего рычага передней подвески, правая на Toyota Corolla;Опора шаровая нижнего рычага передней подвески, правая. Применяемость: COROLLA _E9_. OEM:4333019066, 4333019065. Артикул: HB822214. Производитель Hanse (Чехия). Высокое качество. Звоните, заказывайте!;4900;
Toyota;Corolla;8;Опора шаровая нижнего рычага передней подвески на Toyota Corolla;Опора шаровая нижнего рычага передней подвески. Применяемость: CARINA, CELICA, COROLLA -1988. OEM:4330812030, 4330819035. Артикул: HB820212. Производитель Hanse (Чехия). Высокое качество. Звоните, заказывайте!;1600;
Toyota;Corolla;8;Комплект ГРМ на Toyota Corolla;Комплект ГРМ. Применяемость: COROLLA дв.1ZZFE 1998-2003. OEM:1350622030#, 1352122020#, 1352322020#, 1354022020#, 135400D020#, 1356122020#, 1355922020#, 9031138059#. Артикул: HZ82K004. Производитель Hanse (Чехия). Высокое качество. Звоните, заказывайте!;63100;
Toyota;Corolla;6;Опора шаровая нижнего рычага передней подвески на Toyota Corolla;Опора шаровая нижнего рычага передней подвески. Применяемость: COROLLA 2 (EL3#,NL30) 86-90, CORSA/TERCEL (EL3#,NL30) 86-90, STARLET (EP7#,NP7#) 84-89, STARLET (EP7#,NP70) 84-89, TERCEL (EL31) 86-90, TERCEL(NATO) (EL31) 86-90. OEM:4333019045, 4333019075. Артикул: HB820218. Производитель Hanse (Чехия). Высокое качество. Звоните, заказывайте!;6200;
Toyota;Corolla;7;Опора стойки амортизатора передней подвески на Toyota Corolla;Опора стойки амортизатора передней подвески. Применяемость: COROLLA 2 (EL4#,NL40) 90-94, COROLLA 2 (EL5#,NL50) 94-99, CORSA/TERCEL (EL4#,NL40) 90-94, CORSA/TERCEL (EL5#,NL50) 94-99, CYNOS (EL5#) 95-99, PASEO (EL54) 96-99, SOLUNA (AL50) 96-03, STARLET (EP8#,NP80) 89-96, STARLET (EP8#) 89-98, STARLET (EP9#) 96-99, STARLET (EP9#,NP90) 96-99, STARLET (EP91) 96-99, TERCEL (EL42) 90-94, TERCEL (EL40) 90-94, TERCEL (EL53) 94-99, TERCEL (EL50,53) 94-99. OEM:4860916220, 4860916130, 4860916140, 4860916230, 4860916280, 4860910130. Артикул: HM820006. Производитель Hanse (Чехия). Высокое качество. Звоните, заказывайте!;8900;
Toyota;Corolla;8;Рулевая тяга на Toyota Corolla;Рулевая тяга. Применяемость: COROLLA 2 _L5_ 1994-1999, CORSA/TERCEL _L5_ 1994-1999, CYNOS _L4_ 1991-1995, _L5_ 1995-1999, PASEO _L4_ 1991-1995, _L5_ 1995-1999, RAUM EXZ10 1997-2003, SERA EXY10 1990-1995, STARLET _P8_ 1989-1998, _P9_ 1996-1999, TERCEL EL50 1994-1999. OEM:4550319185, 4550319235. Артикул: HT820124. Производитель Hanse (Чехия). Высокое качество. Звоните, заказывайте!;3400;
Toyota;Corolla;7;Рулевая тяга на Toyota Corolla;Рулевая тяга. Применяемость: COROLLA 2 EL4#, NL40 (09/1990-09/1994), CORSA/TERCEL EL4#, NL40 (09/1990-09/1994), CYNOS EL44 (01/1991-08/1995), PASEO EL44 (04/1991-08/1995) EL54 (08/1995-07/1999), SERA EXY10 (03/1990-12/1995), STARLET EP8#, NP80 (12/1989-01/1996) EP9#, NP90 (01/1996-07/1999), TERCEL EL4# (09/1990-09/1994) EL50, 53 (09/1994-07/1999). OEM:4550319155, 4550319195. Артикул: HT820133. Производитель Hanse (Чехия). Высокое качество. Звоните, заказывайте!;4400;
Toyota;Corolla;7;Наконечник рулевой тяги на Toyota Corolla;Наконечник рулевой тяги. Применяемость: COROLLA 2 EL4#,NL40 09/1990-09/1994, EL5#,NL50 09/1994-07/1999, CORSA/TERCEL EL4#,NL40 09/1990-09/1994, EL5#,NL50 09/1994-07/1999, CYNOS EL44 01/1991-08/1995, EL5# 08/1995-07/1999, MR-S ZZW30 10/1999-, MR2 ZZW30 12/1999-, PASEO EL44 04/1991-08/1995, EL54 08/1995-07/1999, RAUM EXZ10,15 05/1997-04/2003, SERA EXY10 03/1990-12/1995, SOLUNA AL50 12/1996-12/2002, STARLET EP7#,NP7# 10/1984-12/1989, EP8#,NP80 12/1989-03/1998, EP9#,NP90 01/1996-07/1999, TERCEL EL40,EL42 09/1990-09/1994, TERCEL EL50,53 09/1994-07/1999. OEM:4504619205, 4504619206, 4504619216. Артикул: HT820228. Производитель Hanse (Чехия). Высокое качество. Звоните, заказывайте!;3700;
Toyota;Corolla;8;Сайлентблок нижнего рычага передней подвески, задний на Toyota Corolla;Сайлентблок нижнего рычага передней подвески, задний. Применяемость: COROLLA 2 94-99, CORSA/TERCEL 94-99, CYNOS 91-99, PASEO 91-95, TERCEL 94-99. OEM:4806816100*, 4806916100*, 4806846010*, 4806946010*, 4806846011*, 4806946011*, 4806816100BB. Артикул: HR821408. Производитель Hanse (Чехия). Высокое качество. Звоните, заказывайте!;2200;
Toyota;Corolla;6;Рулевая тяга на Toyota Corolla;Рулевая тяга. Применяемость: COROLLA SED/CP/WG (AE101L/R,AE110R,AE111L/R,AE112L,CE100L/R,CE110R,EE100L/R,EE101L/R,EE110L/R,EE105L/R,EE111R) 91-01, COROLLA HB/LB (AE101L/R,CE100L/R,EE100L/R,EE101L/R,EE110L) 92-97, COROLLA LB (EE110L) 97-00, COROLLA JPP (AE101L,AE102L) 92-97, COROLLA NAP/SED (AE101L) 92-97, COROLLA (AE100,CE100,CE106V,CE107V,CE110,EE101,EE102V,EE111) 91-02, SPRINTER (AE100-,CE100,CE106V,CE107V,EE101,EE102V) 91-02. OEM:4550319205, 4550329385. Артикул: HT820141. Производитель Hanse (Чехия). Высокое качество. Звоните, заказывайте!;4700;
Toyota;Corolla;7;Сайлентблок нижнего рычага передней подвески, (малый) на Toyota Corolla;Сайлентблок нижнего рычага передней подвески, передний (малый). Применяемость: COROLLA AE100. OEM:4865412070. Артикул: HR821175. Производитель Hanse (Чехия). Высокое качество. Звоните, заказывайте!;1500;
Toyota;Corolla;7;Рулевая тяга на Toyota Corolla;Рулевая тяга. Применяемость: COROLLA AE100 С ГИДРОУСИЛИТ.. OEM:4550319215, 4550319125. Артикул: HT820113. Производитель Hanse (Чехия). Высокое качество. Звоните, заказывайте!;4500;
Toyota;Corolla;8;Сайлентблок поперечной тяги задней подвески на Toyota Corolla;Сайлентблок поперечной тяги задней подвески, внутренний и наружный. Применяемость: TOYOTA COROLLA AE11#/CE11#/EE111 1995-2000, COROLLA SPACIO AE111 1997-2001, COROLLA AE10#/CE10#/EE10# 1991-2002, LEVIN/TRUENO AE110/AE111 1995-2000, LVN/CRE/TRN/MRN AE100/AE101 1991-1998, SPRINTER CARIB AE111 1996-2002, SPRINTER AE11#/CE11#/EE111 1995-2000, MARK 2 WG MCV20/SXV20 1997-2001, CAMRY GRACIA MCV21/SXV20 1996-2001. OEM:4871002070*, 4871012170*, 4871012190*, 4871012200*, 4871012240*, 4872512370, 4872512380, 4872512500, 4873012040*, 4873012080*, 4873012110*, 4873012140*, 4873012150*. Артикул: HR822450. Производитель Hanse (Чехия). Высокое качество. Звоните, заказывайте!;1400;
Toyota;Corolla;7;Втулка стабилизатора задней подвески, внутренняя на Toyota Corolla;Втулка стабилизатора задней подвески, внутренняя. Применяемость: COROLLA EE100. OEM:4881812150. Артикул: HR822013. Производитель Hanse (Чехия). Высокое качество. Звоните, заказывайте!;500;
Toyota;Corolla;8;Опора стойки амортизатора передней подвески на Toyota Corolla;Опора стойки амортизатора передней подвески. Применяемость: COROLLA LB (AE11#,EE110) 97-01, COROLLA JPP (AE10#) 92-97, COROLLA HB/LB (AE10#,EE100) 92-97, COROLLA HB/LB (AE10#,CE100,EE10#) 92-97, COROLLA SED/WG (AE10#,CE100,EE10#) 92-97, COROLLA SED/WG (AE11#,CDE110,CE110,EE11#,WZE110,ZZE11#) 97-01, COROLLA SED/WG (AE11#,CE110,EE11#,ZZE11#) 95-02, COROLLA SED/CP/WG (AE10#,CE100,EE10#) 91-01, COROLLA (AE10#,CE10#,EE10#) 91-02, COROLLA (AE11#,CE11#,EE111) 95-00, COROLLA NAP/SED (AE10#) 92-97, COROLLA NAP/SED (ZZE110) 97-02, COROLLA SPACIO (AE11#) 97-01, LEVIN/TRUENO (AE11#) 95-00, LVN/CRE/TRN/MRN (AE10#) 92-98, SPACIO (AE111) 98-01, SPRINTER (AE10#,CE10#,EE10#) 91-02, SPRINTER (AE11#,CE11#,EE111) 95-00, SPRINTER CARIB (AE11#) 95-02,  Chevrolet Prizm 92-99. OEM:4860912330, 4860912270, 4860902040, 4860902070, 94849262. Артикул: HM820003. Производитель Hanse (Чехия). Высокое качество. Звоните, заказывайте!;9600;
Toyota;Corolla;8;Втулка стабилизатора задней подвески, внутренняя на Toyota Corolla;Втулка стабилизатора задней подвески, внутренняя. Применяемость: COROLLA LB (AE11#,EE110) 98-01, COROLLA HB/LB (AE,EE111,CDE,CE,WZE110,ZZE11#) 99-01, COROLLA SED/WG (CE110,AE,EE,ZZE11#) 97-01, COROLLA (AE,CE,EE10#) 91-00, COROLLA SPACIO (AE11#) 97-01, CAMRY (ACV40,GSV40) 06-, LEVIN/TRUENO (AE11#) 95-00, LVN/CRE/TRN/MRN (AE10#) 91-98, SPACIO (AE111) 98-01,SPRINTER (AE,CE,EE10#) 91-95, SPRINTER CARIB (AE11#)96-02. OEM:4881812170. Артикул: HR822324. Производитель Hanse (Чехия). Высокое качество. Звоните, заказывайте!;900;
Toyota;Corolla;8;Опора стойки амортизатора передней подвески на Toyota Corolla;Опора стойки амортизатора передней подвески. Применяемость: COROLLA SED/WG (CE120,NZE12#,ZZE12#) 00-04, COROLLA (ASIA/INDIA) (NZE120,ZZE12#) 01-, COROLLA ALTIS (ZZE12#) 01-, COROLLA RUNX/ALLEX (NZE12#,ZZE12#) 01-, COROLLA/FIELDER (CE121,NZE12#,ZZE12#) 00-, WILL VS (NZE127,ZZE12#) 02-. OEM:4860912420, 4860912470. Артикул: HM820005. Производитель Hanse (Чехия). Высокое качество. Звоните, заказывайте!;10100;
Toyota;Corolla;8;Опора двигателя, передняя на Toyota Corolla;Опора двигателя, передняя. Применяемость: COROLLA, SPRINTER _E10_. OEM:1236111160, 1236164210 . Артикул: HR821163. Производитель Hanse (Чехия). Высокое качество. Звоните, заказывайте!;5300;
Toyota;Corona;3;Сайлентблок поперечной тяги задней подвески, наружный на Toyota Corona;Сайлентблок поперечной тяги задней подвески, наружный. Применяемость: CARINA E, CALDINA, CORONA -1996. OEM:4873020160*, 4874020050*. Артикул: HR822137. Производитель Hanse (Чехия). Высокое качество. Звоните, заказывайте!;2100;
Toyota;Cressida;4;Тяга стабилизатора передней подвески, правая на Toyota Cressida;Тяга стабилизатора передней подвески, правая. Применяемость: CRESSIDA GX80. OEM:4882022010, 4882022011. Артикул: HS822018. Производитель Hanse (Чехия). Высокое качество. Звоните, заказывайте!;2200;
Toyota;Crown;5;Опора шаровая верхнего рычага передней подвески на Toyota Crown;Опора шаровая верхнего рычага передней подвески. Применяемость: CROWN (RS110,MS11#,LS110) 79-83, CROWN (RS5#,MS5#,RS6#,MS6#,MS7#,RS8#,RS 10#,MS8#,MS9#,MS10#,LS10#,RS11#,MS11#,LS11#,GS11#,YS12#,MS12#,LS12#,GS12#) 87-, CROWN (YS120,MS12#,LS120) 83-87, CROWN (GS13#,JZS13#,LS13#,YS130) 91-99, CROWN (GS13#,LS13#,MS13#,YS130,UZS131,JZS13#) 87-91, CROWN (GS131,JZS133,LS130,YS132) 87-01, CROWN (YS132,MS13#,GS131,LS130) 87-91, CROWN/CROWN MAJESTA (JZS14#,LS141,UZS14#,GS141) 91-95, HILUX (RN1# 68-72, , HILUX (RN 2#) 72-78, HILUX (RN3#,4#,LN3#,4#) 78-84, PICKUP (RN3#,4#,LN40) 78-83, KIJANG, TAMARAW (BUV) (RF30,LF30) 81-86. OEM:4335039055, 4335039065, 4336039065, 4336039055, 4336039045, 4336039025, 4336039016, 4336039015, 4335039025, 4335039016, 4335039015, 4335039017. Артикул: HB820126. Производитель Hanse (Чехия). Высокое качество. Звоните, заказывайте!;4000;
Toyota;Crown;5;Опора шаровая нижнего рычага передней подвески на Toyota Crown;Опора шаровая нижнего рычага передней подвески. Применяемость: CROWN #S5#, #S6#, #S7#, #S8#, #S9#, #S10#, #S11#, #S12#, #S13#, #S14#. OEM:4333039055, 4333039065, 4333039095, 4333039105, 4333039145, 4333039155, 4333039225, 4333039235, 4334039035, 4334039045, 4334039085, 4334039095, 4334039125, 4334039135, 4334039155, 4334039205, 4334039215. Артикул: HB820223. Производитель Hanse (Чехия). Высокое качество. Звоните, заказывайте!;4800;
Toyota;Crown;5;Тяга стабилизатора передней подвески, левая на Toyota Crown;Тяга стабилизатора передней подвески, левая. Применяемость: CROWN (#S13#) 1987-2001, CROWN/CROWN MAJESTA (#S14#) 1991-1995. OEM:4881030030, 4882030020. Артикул: HS821043. Производитель Hanse (Чехия). Высокое качество. Звоните, заказывайте!;4600;
Toyota;Crown;5;Тяга стабилизатора передней подвески, правая на Toyota Crown;Тяга стабилизатора передней подвески, правая. Применяемость: CROWN (#S13#) 1987-2001, CROWN/CROWN MAJESTA (#S14#) 1991-1995. OEM:4882030050, 4882030010. Артикул: HS822044. Производитель Hanse (Чехия). Высокое качество. Звоните, заказывайте!;4600;
Toyota;Crown;9;Тяга стабилизатора передней подвески, правая на Toyota Crown;Тяга стабилизатора передней подвески, правая. Применяемость: CROWN (GRS20#, GWS204) 2008-, CROWN MAJESTA (URS206, UZS207) 2009-, CROWN/MAJESTA (GRS18#, UZS186) 2004-2009, LEXUS GS30/35/43/460 (GRS190, URS190, UZS190) 2005-, LEXUS GS450H (GWS191) 2006-, LEXUS GS460/430/350 (GRS190, URS190, UZS190) 2005-, LEXUS IS250/220D (ALE20,GSE20) 2005-, LEXUS IS250/350 (GSE2#) 2005-, LEXUS IS250C (GSE20) 2009-, LEXUS IS300 (GSE22) 2006-, MARK X (GRX120) 2004-2009, MARK X (GRX130) 2009-. OEM:4882030090. Артикул: HS822066. Производитель Hanse (Чехия). Высокое качество. Звоните, заказывайте!;6200;
Toyota;Crown;9;Тяга стабилизатора задней подвески на Toyota Crown;Тяга стабилизатора задней подвески. Применяемость: CROWN (GRS20#, GWS204) 2008-, CROWN MAJESTA (URS206, UZS207) 2009-, CROWN/MAJESTA (GRS18#, UZS186) 2004-2009, LEXUS GS30/35/43/460 (GRS190, URS190, UZS190) 2005-, LEXUS GS450H (GWS191) 2006-, LEXUS GS460/430/350 (GRS190, URS190, UZS190) 2005-, LEXUS IS250/220D (ALE20,GSE20) 2005-, LEXUS IS250/350 (GSE2#) 2005-, LEXUS IS250C (GSE20) 2009-, LEXUS IS300 (GSE22) 2006-, MARK X (GRX12#) 2004-2009, MARK X (GRX125) 4WD 2004-2009, MARK X (GRX13#) 2009-, MARK X (GRX135) 4WD 2009- . OEM:4883030090. Артикул: HS820068. Производитель Hanse (Чехия). Высокое качество. Звоните, заказывайте!;7200;
Toyota;Crown;9;Тяга стабилизатора передней подвески, левая на Toyota Crown;Тяга стабилизатора передней подвески, левая. Применяемость: CROWN (GRS20#, GWS204) 2008-, CROWN MAJESTA (URS206, UZS207) 2009-, CROWN/MAJESTA (GRS18#, UZS186) 2004-2009, LEXUS GS30/35/43/460 (GRS190, URS190, UZS190) 2005-, LEXUS GS450H (GWS191) 2006-, LEXUS GS460/430/350 (GRS190, URS190, UZS190) 2005-, LEXUS IS250/220D (ALE20,GSE20) 2005-, LEXUS IS250/350 (GSE2#) 2005-, LEXUS IS250C (GSE20) 2009-, LEXUS IS300 (GSE22) 2006-, MARK X (GRX120) 2004-2009, MARK X (GRX130) 2009-. OEM:4881030070. Артикул: HS821065. Производитель Hanse (Чехия). Высокое качество. Звоните, заказывайте!;6200;
Toyota;Curren;1;Чехол амортизатора задней подвески на Toyota Curren;Чехол амортизатора задней подвески. Применяемость: COROLLA _E8_, _E10_, CELICA _T20_, CURREN. OEM:4855912070. Артикул: HR822058. Производитель Hanse (Чехия). Высокое качество. Звоните, заказывайте!;2000;
BMW;320i;3;Ремень приводной, поликлиновой на BMW 320i;Ремень приводной, поликлиновой. Применяемость: HYUNDAI TUCSON (JM), KIA CARENS I (FC), II (FJ), KIA CERATO, KIA SPORTAGE II, BMW E36 316-318, E34/ Mazda 323 (BG,BA,BJ)/ Mitsubishi Galant 95-/ Subaru Legacy. OEM:4PK-890, 034903137B, GFB80890, 11281437875, 11281743193, 64551739470, 6548176000, 7617421, 48356, 56992P3F003, B36615907, 7617421, B58718381, B66015908, B6BF15907, B6BF18381, B6BF183819F, ZL0115907, MD337406, 1195071E00, 7700729330, GFB80890, 73013AA000, 73323AC010, 73323FA000, 9936420890, 9936470890, 3343106, 7700718261, 034903137B. Артикул: 4PK890. Производитель Hanse (Чехия). Высокое качество. Звоните, заказывайте!;1300;
Toyota;Estima;2;Рулевая тяга на Toyota Estima;Рулевая тяга. Применяемость: ESTIMA (ACR30, MCR30, AHR10), PREVIA (ACR30, CLR30), PREVIA/TARAGO (ACR30, CLR30). OEM:4550329765. Артикул: HT820152. Производитель Hanse (Чехия). Высокое качество. Звоните, заказывайте!;5600;
Toyota;Estima;3;Втулка стабилизатора передней подвески, внутренняя, левая на Toyota Estima;Втулка стабилизатора передней подвески, внутренняя, левая. Применяемость: ALPHARD/VELLFIRE (ANH2#,GGH2#), ESTIMA (ACR5#,GSR5#), ESTIMA HYBRID (AHR20), PREVIA/TARAGO (GSR50). OEM:4881528200. Артикул: HR821406. Производитель Hanse (Чехия). Высокое качество. Звоните, заказывайте!;1400;
Toyota;Estima;3;Втулка стабилизатора передней подвески, внутренняя, правая на Toyota Estima;Втулка стабилизатора передней подвески, внутренняя, правая. Применяемость: ALPHARD/VELLFIRE (ANH2#,GGH2#), ESTIMA (ACR5#,GSR5#), ESTIMA HYBRID (AHR20), PREVIA/TARAGO (GSR50). OEM:4881528210. Артикул: HR821407. Производитель Hanse (Чехия). Высокое качество. Звоните, заказывайте!;1400;
Toyota;Estima;1;Втулка стабилизатора передней подвески, внутренняя на Toyota Estima;Втулка стабилизатора передней подвески, внутренняя. Применяемость: ESTIMA EMINA/LUCIDA (CXR21, TCR21). OEM:4881528051. Артикул: HR821368. Производитель Hanse (Чехия). Высокое качество. Звоните, заказывайте!;1300;
Toyota;Estima;1;Рулевая тяга на Toyota Estima;Рулевая тяга. Применяемость: ESTIMA (TCR1#, TCR2#), ESTIMA EMINA/LUCIDA (TCR1#, TCR2#, CXR1#, CXR2#), PREVIA (TCR1#, TCR2#). OEM:4550329295. Артикул: HT820143. Производитель Hanse (Чехия). Высокое качество. Звоните, заказывайте!;2900;
Toyota;Estima;1;Опора шаровая нижнего рычага передней подвески на Toyota Estima;Опора шаровая нижнего рычага передней подвески. Применяемость: ESTIMA (TCR1#, TCR2#), ESTIMA EMINA/LUCIDA (TCR1#, TCR2#, CXR1#, CXR2#), PREVIA (TCR1#, TCR2#). OEM:4333029235. Артикул: HB820236. Производитель Hanse (Чехия). Высокое качество. Звоните, заказывайте!;6100;
Toyota;Estima;1;Тяга стабилизатора передней подвески, левая на Toyota Estima;Тяга стабилизатора передней подвески, левая. Применяемость: ESTIMA (TCR1#, TCR2#), ESTIMA EMINA/LUCIDA (TCR1#, TCR2#, CXR1#, CXR2#), PREVIA (TCR1#, TCR2#). OEM:4881028020, 4881028010. Артикул: HS821053. Производитель Hanse (Чехия). Высокое качество. Звоните, заказывайте!;4200;
Toyota;Estima;1;Втулка стабилизатора передней подвески, внутренняя на Toyota Estima;Втулка стабилизатора передней подвески, внутренняя. Применяемость: ESTIMA (TCR10,11,20,21), ESTIMA EMINA/LUCIDA (CXR10,11,20,TCR10,11,20), PREVIA (TCR10,11,20,21). OEM:4881528060, 4881528061. Артикул: HR821369. Производитель Hanse (Чехия). Высокое качество. Звоните, заказывайте!;900;
Toyota;Estima;1;Сайлентблок верхнего продольного рычага задней подвески на Toyota Estima;Сайлентблок верхнего продольного рычага задней подвески. Применяемость: ESTIMA (TCR10,20), ESTIMA EMINA/LUCIDA (CXR10,20,TCR10,20), HIACE VAN,COMUTER (LH154, RZH135,153,155), PREVIA (TCR10,20). OEM:4870228080. Артикул: HR822364. Производитель Hanse (Чехия). Высокое качество. Звоните, заказывайте!;2600;
Toyota;Estima;2;Опора стойки амортизатора передней подвески на Toyota Estima;Опора стойки амортизатора передней подвески. Применяемость: ESTIMA T/L (ACR30,40,MCR30,40), PREVIA/TARAGO (ACR30,CLR30). OEM:4860928020. Артикул: HM820015. Производитель Hanse (Чехия). Высокое качество. Звоните, заказывайте!;8900;
Toyota;Estima;2;Сайлентблок задней балки, передний на Toyota Estima;Сайлентблок задней балки, передний. Применяемость: ALPHARD 03-08, ESTIMA T/L 99-06, IPSUM 01-09, ISIS 04-09, NOAH,VOXY 01-07, PICNIC/AVENSIS VERSO 01-09, PREVIA/TARAGO 01-06  . OEM:4872528050, 4872544050, 4872544051, 4872558010. Артикул: HR822411. Производитель Hanse (Чехия). Высокое качество. Звоните, заказывайте!;13300;
FORD;Focus;1;Ремень приводной, поликлиновой на FORD Focus;Ремень приводной, поликлиновой. Применяемость: ГАЗель дв.40524 , Волга 40525 с ГУР, FORD FOCUS, OPEL VECTRA C, RENAULT 19, ROVER 800. OEM:6PK-1413. Артикул: 6PK1413. Производитель Hanse (Чехия). Высокое качество. Звоните, заказывайте!;2300;
Toyota;Fortuner;1;Втулка стабилизатора передней подвески, внутренняя на Toyota Fortuner;Втулка стабилизатора передней подвески, внутренняя. Применяемость: FORTUNER (GGN50,60, KUN5#,6#, LAN50, TGN51,61), HILUX (GGN15,25,35, KUN1#,2#,3#, LAN15,25,35, TGN1#,26,36), INNOVA/KIJANG (KUN40, TGN4#). OEM:488150K010, 488150K020, 488150K040. Артикул: HR821367. Производитель Hanse (Чехия). Высокое качество. Звоните, заказывайте!;1200;
Volkswagen;Golf;4;Ремень приводной, поликлиновой на Volkswagen Golf;Ремень приводной, поликлиновой. Применяемость: AUDI A3, FORD GALAXY, NISSAN ALMERA, SKODA OCTAVIA (1Z#), TOYOTA CAMRY (_V1_), VW GOLF III-V, JETTA III, PASSAT, TOURAN. OEM:6PK-1042. Артикул: 6PK1042. Производитель Hanse (Чехия). Высокое качество. Звоните, заказывайте!;2100;
Toyota;Granvia;1;Опора карданного вала с подшипником на Toyota Granvia;Опора карданного вала с подшипником. Применяемость: GRANVIA/GRAND HIACE KCH1#/RCH11/VCH1#/VCH2# 1995-2005, HIACE/HIACE S.B.V KLH1#/KLH12#/LXH1#/LXH2#/RCH1#/RCH2# 1995-2006, LITE/TOWNACE NOAH,V CR4#/SR40/KR4# 1996-2007, LITE/TOWNACE NOAH,V CR5#/SR50/KR52 4WD 1996-2007, REGIUS/TOURING HIACE KCH40/RCH41 1997-2002, T.U.V KF#/LF#/RZF#/YF60/YF80 1996-2007, TOWNACE/LITEACE CR4#/KR4#/SR40 1996-2004. OEM:3723026020. Артикул: HM820511. Производитель Hanse (Чехия). Высокое качество. Звоните, заказывайте!;11300;
Lexus;GS 350;1;Втулка стабилизатора передней подвески, внутренняя на Lexus GS 350;Втулка стабилизатора передней подвески, внутренняя. Применяемость: LEXUS GS30/35/43/460 07-, LEXUS GS450H 06-, LEXUS GS460/430/350 05-, LEXUS IS250/300 06-, LEXUS IS250/350 05-, LEXUS IS250C 09-, LEXUS IS250C/300C 09-, LEXUS IS250C/350C 09-. OEM:4881530570. Артикул: HR821418. Производитель Hanse (Чехия). Высокое качество. Звоните, заказывайте!;2300;
Toyota;Harrier;2;Ролик натяжителя приводного ремня на Toyota Harrier;Ролик натяжителя приводного ремня. Применяемость: LEXUS ES240/350 ACV40/GSV40 2006-, GS30/35/43/460 GRS19#/URS190/UZS190 2005-, IS250/350 GSE20 2005-, RX330/350 GSU30 2006-2008, TOYOTA 4-RUNNER GRN21#/KZN215/UZN21# 2002-2009, AVALON GSX30 2005-2010, CROWN GRS20#/GWS204 2008-, CROWN/MAJESTA GRS18#/UZS18# 2003-2008, CROWN/MAJESTA GRS183/GRS181/UZS187 4WD 2003-2008, ESTIMA ACR5#/GSR5# 2006-, ESTIMA ACR55 4WD 2006-, FJ CRUISER GSJ10 2006-, FORTUNER GGN50/GGN60/KUN#/LAN50/TGN51/TGN61 2006-, HARRIER ACU30/MCU3#/GSU3# 2003-, HIGHLANDER ASU40/GSU40 2007-, HILUX GGN15/GGN25 2005-, HILUX SURF/4RUNNER GRN21#/KDN215/RZN21#/TRN21#/VZN21# 2002-2009, LAND CRUISER PRADO 120 GRJ12#/KDJ12#/RZJ12#/TRJ12#/VZJ12# 2002-2009, LAND CRUISER 200 UZJ200/VDJ200 2007-, LAND CRUISER PRADO 150 GRJ15#/TRJ150 2009-, MARK X GRX120 2004-2009, MARK X GRX130 2009-, MARK X ZIO ANA1#/GGA10 2007-, PREVIA/TARAGO ACR50/GSR50 2006-, RAV4 ACA3#/GSA3# 2005-, REIZ GRX121/GRX122 2005-2010, SIENNA ASL30/GSL30 2010-, SIENNA GSL20/MCL20 2003-2009, TACOMA GRN225/TRN220 2004-, TACOMA GRN245/TRN245 2004-, TUNDRA UCK30/UCK40 1999-2004, VENZA AGV10/GGV10 2008-. OEM:1660431010, 1660431020. Артикул: HE820017. Производитель Hanse (Чехия). Высокое качество. Звоните, заказывайте!;7000;
Toyota;Harrier;2;Рулевая тяга на Toyota Harrier;Рулевая тяга. Применяемость: HARRIER (ACU3#, GSU3#, MCU3#) 2003-, HIGHLANDER (ACU2#, MCU2#) 2000-2007, KLUGER (MCU28) 2003-2007, KLUGER L/V (ACU2#, MCU2#) 2000-2007, LEXUS RX300/330/350 (MCU3#, GSU35) 2003-2008, LEXUS RX330/350(JPP) (MCU3#, GSU3#) 2003-2008. OEM:4550349125, 4550309270. Артикул: HT820155. Производитель Hanse (Чехия). Высокое качество. Звоните, заказывайте!;4800;
Toyota;Harrier;2;Опора шаровая нижнего рычага передней подвески, правая на Toyota Harrier;Опора шаровая нижнего рычага передней подвески, правая. Применяемость: ALPHARD (MNH1#, ANH1#, ATH10), CAMRY (ACV3#, MCV3#), ESTIMA (ACR30, ACR40, MCR30, MCR40, AHR10), HARRIER (MCU3#, ACU3#, GSU3#, MHU38), HIGHLANDER (ACU2#, MCU2#, MHU2#), KLUGER (ACU2#, MCU2#, MHU28), KLUGER V (MCU28), LEXUS RX300/330/350 (MCU3#, GSU35) LEXUS RX400H (MHU3#), LEXUS ES300/330 (MCV30, MCV31), PREVIA (ACR30, CLR30), PREVIA/TARAGO (ACR30, CLR30), SIENNA (MCL2#), SOLARA (ACV30), WINDOM (MCV30). OEM:4333009160, 4333029405. Артикул: HB822242. Производитель Hanse (Чехия). Высокое качество. Звоните, заказывайте!;7200;
Toyota;Harrier;1;Сайлентблок продольного рычага задней подвески на Toyota Harrier;Сайлентблок продольного рычага задней подвески. Применяемость: HARRIER 97-03, HIGHLANDER 00-07, KLUGER 00-07, LEXUS RX300 98-03. OEM:4878048010*. Артикул: HR822414. Производитель Hanse (Чехия). Высокое качество. Звоните, заказывайте!;4200;
Toyota;HiAce;4;Рулевая тяга на Toyota HiAce;Рулевая тяга. Применяемость: HI ACE LH100-140. OEM:4550329255. Артикул: HT820114. Производитель Hanse (Чехия). Высокое качество. Звоните, заказывайте!;5300;
Toyota;HiAce;4;Ремень приводной зубчатый AVX на Toyota HiAce;Ремень приводной зубчатый AVX. Применяемость: ГАЗ 330781-043, VW T3/ Nissan Patrol/ Saab 9000/ Toyota Hiace/ IKARUS, MAN, SCANIA, SETRA-KASSBOHRER, STEYR. OEM:AVX13x1250, 105121010300, 1195006J00, 4356291, 9932201250. Артикул: AVX13x1250. Производитель Hanse (Чехия). Высокое качество. Звоните, заказывайте!;1100;
Toyota;HiAce;4;Опора шаровая верхнего рычага передней подвески на Toyota HiAce;Опора шаровая верхнего рычага передней подвески. Применяемость: DYNA100 YH81, LH80 1987-1995, HIACE 1985-2003. OEM:4335029095, 4335029065. Артикул: HB820116. Производитель Hanse (Чехия). Высокое качество. Звоните, заказывайте!;4700;
Toyota;HiAce;4;Опора шаровая верхнего рычага передней подвески на Toyota HiAce;Опора шаровая верхнего рычага передней подвески. Применяемость: HIACE YH50,60. OEM:4335029045, 4336029076, 4336029075, 4336029065, 4335029056, 4335029055. Артикул: HB820202. Производитель Hanse (Чехия). Высокое качество. Звоните, заказывайте!;4900;
Toyota;HiAce;4;Сайлентблок рессоры задней подвески на Toyota HiAce;Сайлентблок рессоры задней подвески. Применяемость: 4-RUNNER TRUCK (RN10#,110,13#, VZN10#,110,13#), HIACE (RH11,2#,3#,42, LH11,20,30), HILUX (KDN1##, LN1##, RZN168,173, KZN165,190, KDN, LN, RZN, YN, VZN14#,15#,16#,17#,19#, LN200, RN8#,90,125, RZN200, YN8#,9#, LN8#,90), HILUX/4RUNNER(4WD) (LN, RN, YN, VZN10#,11#,13#, KZN, LN205), LITE/TOWNACE V,WG (KR27, YR2#,30, CR2#,3#), LITEACE VAN WAGON (CR2#, KR2#, YR2#, KM3#, CM3#), T100 (RCK10, VCK1#,2#), TOWN/MASTERACE V,WG (KR2#, YR2#,3#, CR2#,3#), VAN (YR2#,3#). OEM:90389T0005, 9038914004. Артикул: HR822373. Производитель Hanse (Чехия). Высокое качество. Звоните, заказывайте!;2200;
Toyota;HiAce;4;Наконечник рулевой тяги на Toyota HiAce;Наконечник рулевой тяги. Применяемость: HIACE 1985-, QUICK DELIVERY LY151 1995-1999. OEM:4504629215. Артикул: HT820227. Производитель Hanse (Чехия). Высокое качество. Звоните, заказывайте!;4200;
Toyota;HiAce;4;Сайлентблок верхнего рычага передней подвески, задний на Toyota HiAce;Сайлентблок верхнего рычага передней подвески, задний. Применяемость: HIACE, HILUX 1985-. OEM:4863526010. Артикул: HR821107. Производитель Hanse (Чехия). Высокое качество. Звоните, заказывайте!;2700;
Toyota;HiAce;4;Сайлентблок верхнего рычага передней подвески, передний на Toyota HiAce;Сайлентблок верхнего рычага передней подвески, передний. Применяемость: HIACE, HILUX 1985-. OEM:4863226010. Артикул: HR821108. Производитель Hanse (Чехия). Высокое качество. Звоните, заказывайте!;2300;
Toyota;HiAce;5;Втулка стабилизатора передней подвески, внутренняя на Toyota HiAce;Втулка стабилизатора передней подвески, внутренняя. Применяемость: HIACE (KDH2##,LH2##,TRH2##) 2005-, HIACE/REGIUSACE (KDH2##,TRH2##) 2004-. OEM:4881526370. Артикул: HR821393. Производитель Hanse (Чехия). Высокое качество. Звоните, заказывайте!;1300;
Toyota;HiAce;4;Втулка стабилизатора передней подвески, внутренняя на Toyota HiAce;Втулка стабилизатора передней подвески, внутренняя. Применяемость: DYNA 150 (LY21#), DYNA 150/TOYOACE G15 (#Y20#, #Y21#), HIACE VAN,COMUTER (RZH10#, RZH11#, LH10#, LH11#, #H125, YH53, YH63), HIACE/REGIUSACE (RZH10#, RZH11#, RZH12#, LH10#, LH11#, LH12#). OEM:4881526060. Артикул: HR821336. Производитель Hanse (Чехия). Высокое качество. Звоните, заказывайте!;600;
Toyota;HiAce;4;Сайлентблок нижнего продольного рычага задней подвески на Toyota HiAce;Сайлентблок нижнего продольного рычага задней подвески. Применяемость: HIACE VAN,COMUTER LH1##/RZH10#/RZH11#/RZH125/RZH135/RZH15# 1989-2006, HIACE/REGIUSACE KZH1##/LH1##/RZH1##/TRH1## 1989-2004. OEM:4870226040, 4870226041. Артикул: HR822456. Производитель Hanse (Чехия). Высокое качество. Звоните, заказывайте!;2900;
Toyota;HiAce;4;Сайлентблок нижнего продольного рычага задней подвески на Toyota HiAce;Сайлентблок нижнего продольного рычага задней подвески. Применяемость: HIACE VAN,COMUTER LH1##/RZH10#/RZH11#/RZH125/RZH135/RZH15# 1989-2006, HIACE/REGIUSACE KZH1##/LH1##/RZH1##/TRH1## 1989-2004. OEM:4870226050, 4870226051. Артикул: HR822457. Производитель Hanse (Чехия). Высокое качество. Звоните, заказывайте!;2900;
Toyota;Highlander;1;Опора шаровая нижнего рычага передней подвески, левая на Toyota Highlander;Опора шаровая нижнего рычага передней подвески, левая. Применяемость: ALPHARD (MNH1#, ANH1#, ATH10), CAMRY (ACV3#, MCV3#), ESTIMA (ACR30, ACR40, MCR30, MCR40, AHR10), HARRIER (MCU3#, ACU3#, GSU3#, MHU38), HIGHLANDER (ACU2#, MCU2#, MHU2#), KLUGER (ACU2#, MCU2#, MHU28), KLUGER V (MCU28), LEXUS RX300/330/350 (MCU3#, GSU35) LEXUS RX400H (MHU3#), LEXUS ES300/330 (MCV30, MCV31), PREVIA (ACR30, CLR30), PREVIA/TARAGO (ACR30, CLR30), SIENNA (MCL2#), SOLARA (ACV30), WINDOM (MCV30). OEM:4334009010, 4334029175. Артикул: HB821241. Производитель Hanse (Чехия). Высокое качество. Звоните, заказывайте!;7200;
Toyota;Hilux;2;Сайлентблок нижнего рычага передней подвески на Toyota Hilux;Сайлентблок нижнего рычага передней подвески, передний и задний. Применяемость: TOYOTA HIACE VAN,COMUTER (YH5#,6#,7#,LH5#,6#,7#,10#,11#,RZH10#,11#) 86-95, HIACE VAN,WAGON (YH5#,6#,71,LH5#,6#,7#) 87-89, HIACE/REGIUSACE (KZH,LH,RZH,TRH1##) 89-, HILUX (KDN1##,KZN130,165,190,LN,YN,RN5#,6#,85,90,1##,RZN,VZN130,14#,15#,16#,17#,19#) 85-, HILUX 2WD (LN,RZN200,RN8#,90,125,YN8#,9#,LN8#,90) 01-, HILUX/4RUNNER(4WD) (LN,RN,YN,VZN10#,11#,13#,KZN,LN205) 88-, TRUCK 4-RUNNER (LN5#,6#RN5#,6#,7#,10#,110,13#,VZN6#,10#,110,13#) 88-95. OEM:4806126010, 4806135011. Артикул: HR821327. Производитель Hanse (Чехия). Высокое качество. Звоните, заказывайте!;2800;
Toyota;Hilux;3;Опора шаровая верхнего рычага передней подвески на Toyota Hilux;Опора шаровая верхнего рычага передней подвески. Применяемость: HILUX, 2WD, HILUX/4RUNNER (4WD), TRUCK 4-RUNNER, T100. OEM:4336039075, 4335039045, 4335039085, 4336039085. Артикул: HB820124. Производитель Hanse (Чехия). Высокое качество. Звоните, заказывайте!;6900;
Toyota;Hilux;3;Опора шаровая верхнего рычага передней подвески на Toyota Hilux;Опора шаровая верхнего рычага передней подвески. Применяемость: HILUX (#N5#, #N8#, #N9#), T100 (RCK10, VCK10, VCK11), TRUCK 4-RUNNER (LN5#, RN5#, RN7#, RN8#, RN9#, VZN8#, VZN9#). OEM:4335039035, 4335039075, 4335039115. Артикул: HB820138. Производитель Hanse (Чехия). Высокое качество. Звоните, заказывайте!;4600;
Toyota;Hilux;3;Опора шаровая нижнего рычага передней подвески на Toyota Hilux;Опора шаровая нижнего рычага передней подвески. Применяемость: HILUX, 2WD, HILUX/4RUNNER (4WD), TRUCK 4-RUNNER, T100 . OEM:4333039265, 4333039315, 4334039245. Артикул: HB820225. Производитель Hanse (Чехия). Высокое качество. Звоните, заказывайте!;6200;
Toyota;Hilux;6;Втулка рессоры задней подвески, задняя, верхняя на Toyota Hilux;Втулка рессоры задней подвески, задняя, верхняя. Применяемость: HILUX (#N14# - #N200). OEM:9038518019. Артикул: HR822342. Производитель Hanse (Чехия). Высокое качество. Звоните, заказывайте!;600;
Toyota;Hilux;3;Сайлентблок нижнего рычага передней подвески на Toyota Hilux;Сайлентблок нижнего рычага передней подвески. Применяемость: HILUX (#N3#, #N4#, #N5#, #N8#, #N9#), PICKUP (RN3#, RN4#, LN4#), TRUCK 4-RUNNER (RN5#, RN7#, LN5#). OEM:4865435010, 4865435030, 4865435060. Артикул: HR821346. Производитель Hanse (Чехия). Высокое качество. Звоните, заказывайте!;1900;
Toyota;Hilux;5;Сайлентблок нижнего рычага передней подвески, передний на Toyota Hilux;Сайлентблок нижнего рычага передней подвески, передний. Применяемость: HILUX (KUN25, KUN26, KUN35) 2005-. OEM:486540K040, 480680K040*, 480690K040*. Артикул: HR821423. Производитель Hanse (Чехия). Высокое качество. Звоните, заказывайте!;4800;
Toyota;Hilux;3;Наконечник рулевой тяги на Toyota Hilux;Наконечник рулевой тяги. Применяемость: HIACE, HILUX -1989. OEM:4504639125, 4504639165, 4504639106, 4504639105, 4504629125, 4504629115, 4504639175, 4504639375, 4504639235, 4504639215. Артикул: HT820110. Производитель Hanse (Чехия). Высокое качество. Звоните, заказывайте!;3100;
Toyota;Hilux;5;Опора карданного вала, с подшипником на Toyota Hilux;Опора карданного вала, с подшипником. Применяемость: HILUX GGN15/GGN25 2005-2012, HILUX KUN25/KUN26/KUN35 2011-, INNOVA/KIJANG 2004-, FORTUNER 2006-. OEM:372300K010, 372300K011, 372300K020, 372300K021. Артикул: HM820514. Производитель Hanse (Чехия). Высокое качество. Звоните, заказывайте!;9200;
Toyota;Hilux Surf;4;Сайлентблок верхнего продольного рычага задней подвески на Hilux Surf;Сайлентблок верхнего продольного рычага задней подвески, передний и задний. Применяемость: HILUX SURF/4RUNNER (RZN18#,VZN18#,KZN185,KDN185) 1995-2002. OEM:4870235050, 4871035040*. Артикул: HR822458. Производитель Hanse (Чехия). Высокое качество. Звоните, заказывайте!;3100;
Toyota;Ipsum;2;Опора шаровая нижнего рычага передней подвески на Toyota Ipsum;Опора шаровая нижнего рычага передней подвески. Применяемость: IPSUM (ACM21) 2001-2007, IPSUM (ACM26) 4WD 2001-2007, ISIS (ANM10) 2004-2009, NOAH/VOXY (AZR60) 2001-2007, NOAH/VOXY (AZR65) 4WD 2001-2007, NOAH,VOXY (ZRR70) 2007-2010, NOAH,VOXY (ZRR75) 4WD 2007-2010, PICNIC/AVENSIS VERSO (ACM20) 2001-2005. OEM:4806849045BJ, 4806849045*, 4806849065*, 4806829265*, 4806949045*, 4806949065*, 4806929265*. Артикул: HB820244. Производитель Hanse (Чехия). Высокое качество. Звоните, заказывайте!;5900;
Toyota;Ipsum;1;Сайлентблок нижнего рычага передней подвески, задний на Toyota Ipsum;Сайлентблок нижнего рычага передней подвески, задний. Применяемость: GAIA (ACM10, CXM10, SXM10), IPSUM (CXM10, SXM10), NADIA (ACN10, SXN10), PICNIC (CXM10, SXM10). OEM:4865544010. Артикул: HR821363. Производитель Hanse (Чехия). Высокое качество. Звоните, заказывайте!;2500;
Toyota;Ipsum;1;Сайлентблок задней балки, передний на Toyota Ipsum;Сайлентблок задней балки, передний. Применяемость: GAIA (ACM10, CXM10, SXM10) 1998-2004, IPSUM (CXM10, SXM10) 1996-2001, PICNIC (CXM10, SXM10) 1996-2001, SIENNA (MCL10) 1997-2003. OEM:4872544010. Артикул: HR822424. Производитель Hanse (Чехия). Высокое качество. Звоните, заказывайте!;6100;
Toyota;Ipsum;1;Втулка стабилизатора передней подвески, внутренняя на Toyota Ipsum;Втулка стабилизатора передней подвески, внутренняя. Применяемость: CENTURY (VG4#), DELIBOY (KXC10,CXC10), GAIA (ACM1#,CXM10,SXM1#), IPSUM (CXM10,SXM1#). OEM:4881514020, 4881538010. Артикул: HR821401. Производитель Hanse (Чехия). Высокое качество. Звоните, заказывайте!;500;
Toyota;Ipsum;1;Сайлентблок нижнего рычага передней подвески, задний на Toyota Ipsum;Сайлентблок нижнего рычага передней подвески, задний. Применяемость: GAIA, IPSUM, NADIA (SXM15, ACM15, SXN15, ACN15, 1996-). OEM:4865544020. Артикул: HR821309. Производитель Hanse (Чехия). Высокое качество. Звоните, заказывайте!;2700;
Lexus;IS 250;1;Опора шаровая нижнего рычага передней подвески, правая на Lexus IS 250;Опора шаровая нижнего рычага передней подвески, правая. Применяемость: CROWN (GRS182) 2004-2008, CROWN (GRS20#,GWS204) 2008-, CROWN (GRS202) 2010-, CROWN MAJESTA (URS206,UZS207) 2009-, CROWN/MAJESTA (GRS18#,UZS18#) 2003-2008, LEXUS GS30/35/43/460 (GRS19#,URS190,UZS190) 2005-, LEXUS GS450H (GWS191) 2006-, LEXUS GS460/430/350 (GRS19#,UZS190,URS190) 2005-, LEXUS IS F (USE20) 2007-, LEXUS IS250/300 (GSE2#) 2006-, LEXUS IS250/350 (GSE2#) 2005-, LEXUS IS250C (GSE20) 2009-, LEXUS IS250C/300C (GSE2#) 2009-, LEXUS IS250C/350C (GSE2#) 2009-, MARK X (GRX12#) 2004-2009, MARK X (GRX13#) 2009-. OEM:4333039625. Артикул: HB822246. Производитель Hanse (Чехия). Высокое качество. Звоните, заказывайте!;15400;
HONDA;Jazz;1;Тяга стабилизатора передней подвески, правая на HONDA Jazz;Тяга стабилизатора передней подвески, правая. Применяемость: JAZZ / FIT (GD) 2001-. OEM:51320SAA003. Артикул: HS872038. Производитель Hanse (Чехия). Высокое качество. Звоните, заказывайте!;2500;
Opel;Kadett;1;Ремень приводной зубчатый AVX на Opel Kadett;Ремень приводной зубчатый AVX. Применяемость: Opel Kadett E, Ascona C, Astra F, Corsa A/ BMW E30,E28/ Volvo 240, 740/ Moskvitch 412, UZOtoel, ЛИАЗ. OEM:AVX10x875, 60517424, 049145271, 068903137, B053121039, 068903137B, AAU8072, 12311268675, 9932100870, 7056788, 6146161, 72HF8620BA, 83HF6C301AA, 84HF6C301BA, 2521121000, C36122, 800140029, 0009975992, 0019974592, 0059978392, 11720V5510, 950356, 950358, 575026, 99919219350, 99919234650, GFB273, 8339939, 3938725, 3938737, 9932100870, 9933100870, 90006259, 90169081, 973547, 049145271, 068903137B, 068903137C, 068903137M. Артикул: AVX10x875. Производитель Hanse (Чехия). Высокое качество. Звоните, заказывайте!;600;
Toyota;Land Cruiser;6;Втулка стабилизатора передней и задней подвесок на Toyota Land Cruiser;Втулка стабилизатора передней и задней подвесок, внутренняя. Применяемость: DYNA100 (#H8#), DYNA/TOYOACE (LY15#, LY16#), HIACE Quick Delivery (LH80), HIACE Truck (LH85, LH95, LY151, LY161), HIACE VAN Comuter (#H5#, #H6#), HIACE VAN Wagon (#H5#, #H6#, #H7#), Land Cruiser (#J7#, #J8#, HZJ105), Lexus LX450 (FZJ80), Quick Delivery (LH8#). OEM:4881526020. Артикул: HR820333. Производитель Hanse (Чехия). Высокое качество. Звоните, заказывайте!;500;
Toyota;Land Cruiser;6;Втулка стабилизатора передней подвески, внутренняя на Toyota Land Cruiser;Втулка стабилизатора передней подвески, внутренняя. Применяемость: DYNA 100 (LY100,YY100,YH8#,LH80), DYNA 150/TOYOACE G15 (LY1##,YY1##), HIACE VAN,COMUTER (YH5#,6#,LH5#,6#), HIACE TRUCK (LY101,111,YY101), HIACE VAN,WAGON (YH5#,6#,LH5#,6#), LAND CRUISER (BJ73,LJ7#,RJ7#,HZJ7#,PZJ7#,KZJ7#). OEM:4881526040. Артикул: HR821404. Производитель Hanse (Чехия). Высокое качество. Звоните, заказывайте!;800;
Toyota;Land Cruiser;5;Втулка стабилизатора передней подвески, внутренняя на Toyota Land Cruiser;Втулка стабилизатора передней подвески, внутренняя. Применяемость: CENTURY (VG4#), CROWN (GS12#,LS12#,MS12#,YS120), LAND CRUISER (FJ80,FZJ80,HDJ80,HZJ80), LITE/TOWNACE V,WG (KR27,YR2#,30,CR2#,3#), LITEACE VAN WAGON (CR27,KR2#,YR2#,39), MODEL-F (YR2#,31,CR21), QUALIS (LF50,RZF50), TOWN/MASTERACE V,WG (KR2#,YR2#,3#,CR2#,3#), VAN (YR2#,3#). OEM:4881530100. Артикул: HR821397. Производитель Hanse (Чехия). Высокое качество. Звоните, заказывайте!;500;
Toyota;Land Cruiser;5;Втулка стабилизатора передней подвески, внутренняя на Toyota Land Cruiser;Втулка стабилизатора передней подвески, внутренняя. Применяемость: LITE/TOWNACE NOAH,V (CR4#,KR4#,SR40), T.U.V (LF6#,8#,RZF8#), TOWNACE/LITEACE (CR4#,KR4#,SR40), LAND CRUISER (FJ80,HDJ80,HZJ80,FZJ80). OEM:4881528080, 4881530080. Артикул: HR821403. Производитель Hanse (Чехия). Высокое качество. Звоните, заказывайте!;700;
Toyota;Land Cruiser;5;Втулка амортизатора задней подвески на Toyota Land Cruiser;Втулка амортизатора задней подвески. Применяемость: LAND CRUISER (FJ80,HDJ80,HZJ80,FZJ80) 1990-2001, LAND CRUISER (FJ,FZJ,GRJ,HDJ,HJ,HZJ,KZJ,LJ,PZJ,RJ,VDJ7#) 1990-2004. OEM:9038519003. Артикул: HR822419. Производитель Hanse (Чехия). Высокое качество. Звоните, заказывайте!;400;
Toyota;Land Cruiser;6;Втулка стабилизатора передней подвески, внутренняя на Toyota Land Cruiser;Втулка стабилизатора передней подвески, внутренняя. Применяемость: LAND CRUISER (HDJ101,UZJ100) 98-07, LAND CRUISER 100 (FZJ10#,HDJ100,HZJ105,UZJ100) 98-07, LAND CRUISER 100 (HDJ100,UZJ100) 98-07, LAND CRUISER 100 (UZJ100) 98-07, LAND CRUISER 100 (UZJ100) 98-07, LEXUS LX470 (UZJ100) 98-07. OEM:4881560111. Артикул: HR821389. Производитель Hanse (Чехия). Высокое качество. Звоните, заказывайте!;1200;
Toyota;Land Cruiser;4;Втулка стабилизатора задней подвески, внутренняя на Toyota Land Cruiser;Втулка стабилизатора задней подвески, внутренняя. Применяемость: COROLLA _E71E, LAND CRUISER _J60. OEM:4881520060. Артикул: HR821030. Производитель Hanse (Чехия). Высокое качество. Звоните, заказывайте!;700;
Toyota;Land Cruiser;6;Сайлентблок поперечной тяги передней подвески на Toyota Land Cruiser;Сайлентблок поперечной тяги передней подвески, наружный. Применяемость: LAND CRUISER _J7_ 1999-, LAND CRUISER _J80 1990-, LAND CRUISER 100 _J10_ 1998-, LEXUS LX450 FZJ80 1995-1998. OEM:4870660030. Артикул: HR821097. Производитель Hanse (Чехия). Высокое качество. Звоните, заказывайте!;2000;
Toyota;Land Cruiser;6;Рулевая тяга на Toyota Land Cruiser;Рулевая тяга. Применяемость: LAND CRUISER 100 (FZJ10#,HDJ100,HZJ105,UZJ100) 1998-2002, LEXUS LX470 (UZJ100) 1998-2002. OEM:4550369015. Артикул: HT820161. Производитель Hanse (Чехия). Высокое качество. Звоните, заказывайте!;5500;
Toyota;Land Cruiser;6;Наконечник рулевой тяги, левый на Toyota Land Cruiser;Наконечник рулевой тяги, левый. Применяемость: LAND CRUISER 100 (FZJ10#,HDJ100,HZJ105,UZJ100) 1998-2007, LEXUS LX470 (UZJ100) 2002-2007. OEM:4504769115. Артикул: HT821259. Производитель Hanse (Чехия). Высокое качество. Звоните, заказывайте!;6400;
Toyota;Land Cruiser;6;Наконечник рулевой тяги, правый на Toyota Land Cruiser;Наконечник рулевой тяги, правый. Применяемость: LAND CRUISER 100 (FZJ10#,HDJ100,HZJ105,UZJ100) 1998-2007, LEXUS LX470 (UZJ100) 2002-2007. OEM:4504669205. Артикул: HT822260. Производитель Hanse (Чехия). Высокое качество. Звоните, заказывайте!;6400;
Toyota;Land Cruiser;6;Сайлентблок нижней продольной тяги задней подвески на Toyota Land Cruiser;Сайлентблок нижней продольной тяги задней подвески, передний и задний. Применяемость: LAND CRUISER 100 (HDJ100,UZJ100) 98-07, LEXUS LX470 (UZJ100) 98-07. OEM:4870260100, 4870260110, 4872060040*. Артикул: HR822396. Производитель Hanse (Чехия). Высокое качество. Звоните, заказывайте!;3300;
Toyota;Land Cruiser;6;Сайлентблок продольного рычага передней подвески на Toyota Land Cruiser;Сайлентблок продольного рычага передней подвески, передний и центральный. Применяемость: LAND CRUISER _J80 1990-, LAND CRUISER 100 _J10_ 1998-, LEXUS LX450 FZJ80 1995-1998. OEM:4870260050, 4870260051. Артикул: HR821094. Производитель Hanse (Чехия). Высокое качество. Звоните, заказывайте!;2500;
Toyota;Land Cruiser;6;Сайлентблок верхнего продольного рычага задней подвески на Land Cruiser;Сайлентблок верхнего продольного рычага задней подвески. Применяемость: LAND CRUISER _J80 1990-, LAND CRUISER 100 _J10_ 1998-, LEXUS LX450 FZJ80 1995-1998. OEM:4870260030, 4870260031. Артикул: HR822096. Производитель Hanse (Чехия). Высокое качество. Звоните, заказывайте!;2200;
Toyota;Land Cruiser;6;Сайлентблок верхней продольной тяги задней подвески на Toyota Land Cruiser;Сайлентблок верхней продольной тяги задней подвески, передний и задний. Применяемость: LEXUS LX470 UZJ100 1998-2007, TOYOTA LAND CRUISER 100 HDJ101/UZJ100 1998-2007. OEM:4871060070*, 4871060080*. Артикул: HR822451. Производитель Hanse (Чехия). Высокое качество. Звоните, заказывайте!;3100;
Toyota;Land Cruiser;6;Втулка амортизатора на Toyota Land Cruiser;Втулка амортизатора. Применяемость: COASTER 1995-, HEAVY DUTY TRUCK 1969-2001, LAND CRUISER 1999-, LX450 1995-1998, QUICK DELI/URBAN SUP 2000-2011, QUICK DELIVERY 200 2012-2012. OEM:9094801004. Артикул: HR820475. Производитель Hanse (Чехия). Высокое качество. Звоните, заказывайте!;400;
Toyota;Land Cruiser;6;Втулка стабилизатора задней подвески, внутренняя на Toyota Land Cruiser;Втулка стабилизатора задней подвески, внутренняя. Применяемость: LAND CRUISER 1998-2002 , LAND CRUISER 2002-2007 , LAND CRUISER 100 2002-2007 , LEXUS LX470 1998-2007 , REGIUS/TOURING HIACE 1997-2002. OEM:4881526250. Артикул: HR822464. Производитель Hanse (Чехия). Высокое качество. Звоните, заказывайте!;700;
Toyota;Land Cruiser;7;Сайлентблок нижнего рычага передней подвески на Toyota Land Cruiser;Сайлентблок нижнего рычага передней подвески, передний. Применяемость: LAND CRUISER 2007-, SEQUOIA (UCK6#,UPK6#,USK6#) 2007-2014, TUNDRA UCK50 2006-2013, LEXUS LX460/570 2007-, LX570 2007-. OEM:4865460040, 486540C010. Артикул: HR821461. Производитель Hanse (Чехия). Высокое качество. Звоните, заказывайте!;4900;
Toyota;Land Cruiser;7;Втулка стабилизатора передней подвески, внутренняя на Toyota Land Cruiser;Втулка стабилизатора передней подвески, внутренняя. Применяемость: LAND CRUISER 2007-…. OEM:4881560250. Артикул: HR821463. Производитель Hanse (Чехия). Высокое качество. Звоните, заказывайте!;900;
Toyota;Land Cruiser;5;Втулка стабилизатора задней подвески, внутренняя на Toyota Land Cruiser;Втулка стабилизатора задней подвески, внутренняя. Применяемость: LAND CRUISER 80 ' 1990-96. OEM:4881530090. Артикул: HR820027. Производитель Hanse (Чехия). Высокое качество. Звоните, заказывайте!;700;
Toyota;Land Cruiser;6;Втулка стабилизатора передней подвески, внутренняя на Toyota Land Cruiser;Втулка стабилизатора передней подвески, внутренняя. Применяемость: LAND CRUISER 90 (KDJ9#, KZJ9#, VZJ9#) 1998-2003, HILUX SURF (KDN185, KZN185, RZN18#, VZN18#), LAND CRUISER 90 (KDJ9#, KZJ9#, VZJ9#). OEM:4881535100. Артикул: HR821370. Производитель Hanse (Чехия). Высокое качество. Звоните, заказывайте!;900;
Toyota;Land Cruiser;6;Втулка стабилизатора передней подвески, внутренняя на Toyota Land Cruiser;Втулка стабилизатора передней подвески, внутренняя. Применяемость: COROLLA 2 (EL5#,NL50), CORSA/TERCEL (EL5#,NL50), LAND CRUISER 90 (KDJ9#,KZJ9#,VZJ9#). OEM:4881516170. Артикул: HR821402. Производитель Hanse (Чехия). Высокое качество. Звоните, заказывайте!;600;
Toyota;Land Cruiser;5;Втулка стабилизатора передней подвески, внутренняя на Toyota Land Cruiser;Втулка стабилизатора передней подвески, внутренняя. Применяемость: LAND CRUISER 90 (KZJ9#, VZJ9#) 1996-1998. OEM:4881560100. Артикул: HR821371. Производитель Hanse (Чехия). Высокое качество. Звоните, заказывайте!;900;
Toyota;Land Cruiser Prado;2;Сайлентблок нижнего продольного рычага задней подвески Land Cruiser Prado;Сайлентблок нижнего продольного рычага задней подвески, передний и задний. Применяемость: 4RUNNER (#ZN18#) 1995-2002, HILUX SURF (##N18#) 1995-2002, LAND CRUISER (##J9#) 1996-2002, LAND CRUISER PRADO (##J9#) 1996-2002. OEM:4870235070, 4872035030*, 4872035040*, 4872035041*, 4872035050*, 4872035051*. Артикул: HR822347. Производитель Hanse (Чехия). Высокое качество. Звоните, заказывайте!;2500;
Toyota;Land Cruiser Prado;3;Опора шаровая верхнего рычага передней подвески на Land Cruiser Prado;Опора шаровая верхнего рычага передней подвески. Применяемость: Land Cruiser (UZJ100, HDJ101) 98-, Land Cruiser Prado (RZJ120, KDJ12#, TRJ12#, VZJ12#) 02-, Hilux Surf (KDN215, TRN21#, VZN21#) 02-, Hilux (RZN21#) 02-04. OEM:4861060030*, 4862060010*, 4331060050, 4331060010, 4331060020, 4331060030. Артикул: HB820130. Производитель Hanse (Чехия). Высокое качество. Звоните, заказывайте!;6900;
Toyota;Land Cruiser Prado;2;Сайлентблок рулевой рейки малый на Toyota Land Cruiser Prado;Сайлентблок рулевой рейки малый. Применяемость: HILUX SURF/4RUNNER (##N18#) 1995-2002, LAND CRUISER PRADO 90 1996-2002, TACOMA (RZN140/VZN150) 1995-2004, TACOMA (RZN160/RZN190) 1995-2004. OEM:4420335030*, 4425060021*, 4425060022*, 4420035032*. Артикул: HR820455. Производитель Hanse (Чехия). Высокое качество. Звоните, заказывайте!;1300;
Toyota;Land Cruiser Prado;2;Сайлентблок рулевой рейки большой на Toyota Land Cruiser Prado;Сайлентблок рулевой рейки большой. Применяемость: HILUX SURF/4RUNNER (##N18#) 1995-2002, LAND CRUISER PRADO 90 1996-2002, TACOMA (RZN140/VZN150) 1995-2004, TACOMA (RZN160/RZN190) 1995-2004. OEM:4552235040, 4420335030*, 4425060021*, 4425060022*, 4420035032*. Артикул: HR820454. Производитель Hanse (Чехия). Высокое качество. Звоните, заказывайте!;2600;
Toyota;Land Cruiser Prado;2;Сайлентблок продольной тяги задней подвески на Toyota Land Cruiser Prado;Сайлентблок продольной тяги задней подвески, передний и задний. Применяемость: TOYOTA LAND CRUISER PRADO 90 1996-2002, HILUX SURF/4RUNNER RZN18#/VZN18#/KZN185/KDN185 1995-2002. OEM:4871035030*. Артикул: HR822437. Производитель Hanse (Чехия). Высокое качество. Звоните, заказывайте!;2600;
Toyota;Land Cruiser Prado;2;Наконечник рулевой тяги, левый на Toyota Land Cruiser Prado;Наконечник рулевой тяги, левый. Применяемость: 4RUNNER KZN185, RZN18#, VZN18# 1995-2002, HILUX SURF KDN185, KZN185, RZN18#, VZN18# 1995-2002, LAND CRUISER 90 KZJ9#, LJ9#, RZJ9#, VZJ9#, KDJ9# 1996-, LAND CRUISER PRADO KDJ9#, KZJ9#, RZJ9#, VZJ9# 1996-2002. OEM:4504739215. Артикул: HT821121. Производитель Hanse (Чехия). Высокое качество. Звоните, заказывайте!;5300;
Toyota;Land Cruiser Prado;2;Наконечник рулевой тяги, правый на Toyota Land Cruiser Prado;Наконечник рулевой тяги, правый. Применяемость: 4RUNNER KZN185, RZN18#, VZN18# 1995-2002, HILUX SURF KDN185, KZN185, RZN18#, VZN18# 1995-2002, LAND CRUISER 90 KZJ9#, LJ9#, RZJ9#, VZJ9#, KDJ9# 1996-, LAND CRUISER PRADO KDJ9#, KZJ9#, RZJ9#, VZJ9# 1996-2002. OEM:4504639335. Артикул: HT822122. Производитель Hanse (Чехия). Высокое качество. Звоните, заказывайте!;5300;
Toyota;Land Cruiser Prado;2;Тяга стабилизатора передней подвески на Toyota Land Cruiser Prado;Тяга стабилизатора передней подвески. Применяемость: 4RUNNER KZN185, RZN18#, VZN18# 1995-2002, HILUX SURF KDN185, KZN185, RZN18#, VZN18# 1995-2002, LAND CRUISER 90 KZJ9#, LJ9#, RZJ9#, VZJ9#, KDJ9# 1996-, LAND CRUISER PRADO KDJ9#, KZJ9#, RZJ9#, VZJ9# 1996-2002, TUNDRA UCK30,40, VCK30,40 1999-. OEM:4882035030, 48820AD010. Артикул: HS820037. Производитель Hanse (Чехия). Высокое качество. Звоните, заказывайте!;2700;
Toyota;Land Cruiser;6;Сайлентблок нижнего продольного рычага передней подвески на Land Cruiser;Сайлентблок нижнего продольного рычага передней подвески, внутренний. Применяемость: LandCruiser 80, 100, Lexus. OEM:4806160010. Артикул: HR821129. Производитель Hanse (Чехия). Высокое качество. Звоните, заказывайте!;2700;
Toyota;Land Cruiser;6;Сайлентблок продольного рычага задней подвески на Toyota Land Cruiser;Сайлентблок продольного рычага задней подвески, передний. Применяемость: LandCruiser 80, 100, Lexus. OEM:4870260040. Артикул: HR822172. Производитель Hanse (Чехия). Высокое качество. Звоните, заказывайте!;2500;
Lexus;IS 200;1;Опора шаровая нижнего рычага передней подвески, правая на Lexus IS 200;Опора шаровая нижнего рычага передней подвески, правая. Применяемость: LEXUS IS200/300 GXE10/JCE10 1999-2005, IS300 JCE10 2000-2005, ALTEZZA/ALTEZZA GITA GXE10/SXE10 1998-2005, MARK 2/MARK 2 BLIT GX110/JZX110 2000-2004, VEROSSA GX110/JZX110 2001-2004. OEM:4333059066, 4333059135, 4333059065. Артикул: HB822254. Производитель Hanse (Чехия). Высокое качество. Звоните, заказывайте!;9900;
Toyota;Mark II;3;Сайлентблок верхнего рычага задней подвески на Toyota Mark II;Сайлентблок верхнего рычага задней подвески. Применяемость: CHASER, CRESTA, MARK 2 #X10# (09/1996-06/2001), CROWN, CROWN/CROWN MAJESTA #S15# (08/1995-08/2001). OEM:4877030010*, 4879030010*, 4870222410. Артикул: HR822312. Производитель Hanse (Чехия). Высокое качество. Звоните, заказывайте!;4600;
Toyota;Mark II;3;Сайлентблок цапфы задней подвески, передний на Toyota Mark II;Сайлентблок цапфы задней подвески, передний. Применяемость: TOYOTA CHASER, CRESTA, MARK 2 #X9#, #X10# 10/92-06/01, CROWN/CROWN MAJESTA #S15# 08/95-08/01. OEM:4230430040*, 4230530040*. Артикул: HR822098. Производитель Hanse (Чехия). Высокое качество. Звоните, заказывайте!;1800;
Toyota;Mark II;5;Втулка стабилизатора задней подвески, внутренняя на Toyota Mark II;Втулка стабилизатора задней подвески, внутренняя. Применяемость: MARK 2/MARK 2 BLIT (GX,JZX11#) 00-, LEXUS IS200/300 (GXE,JCE10) 99-, LEXUS IS300 (JCE10) 01-, LEXUS SC430 (UZZ40) 01-, ALTEZZA/ALTEZZA GITA (GXE,JCE1#,SXE10) 98-, PROGRES (JCG1#) 01-, SOARER (UZZ40) 01-. OEM:4881853030. Артикул: HR822329. Производитель Hanse (Чехия). Высокое качество. Звоните, заказывайте!;700;
Toyota;Mark II;3;Сайлентблок нижнего косого рычага передней подвески на Toyota Mark II;Сайлентблок нижнего косого рычага передней подвески. Применяемость: CHASER, CRESTA (GX90,JZX9#,LX90,SX90) 92-96, CHASER (GX10#,JZX10#,LX100,SX100) 96-01, CRESTA (GX10#,JZX10#,LX100) 96-01, MARK 2 (GX90,LX90,SX90,JZX9#) 92-96, MARK 2 (GX10#,JZX10#,LX100) 96-00. OEM:4866022090*, 4867022090*, 4865522030, 4865530130, 4866030221*, 4867030221*. Артикул: HR822110. Производитель Hanse (Чехия). Высокое качество. Звоните, заказывайте!;2800;
Toyota;Mark II;3;Сайлентблок задней поперечной тяги задней подвески на Toyota Mark II;Сайлентблок задней поперечной тяги задней подвески, внутренний. Применяемость: CHASER (GX10#,JZX10#,LX100,SX100) 96-01, CHASER (GX90,JZX9#,LX90,SX90) 92-96, CRESTA (GX10#,JZX10#,LX100) 96-01, CRESTA (GX90,JZX9#,LX90,SX90) 92-96, MARK 2 (GX10#,JZX10#,LX100) 96-00, MARK 2 (GX90,LX90,SX90,JZX9#) 92-96. OEM:4872522170, 4872522180, 4873022041*. Артикул: HR822322. Производитель Hanse (Чехия). Высокое качество. Звоните, заказывайте!;2400;
Toyota;Mark II;3;Тяга стабилизатора передней подвески, правая на Toyota Mark II;Тяга стабилизатора передней подвески, правая. Применяемость: MARK 2 (JZX93, GX105, JZX105, GX115, JZX115), CHASER (JZX93, GX105, JZX105), CRESTA (JZX93, GX105, JZX105), ALTEZZA/ALTEZZA GITA (GXE15, JCE15), BREVIS (JCG15), CROWN/CROWN MAJESTA (JZS153,157, JZS173,179), PROGRES (JCG15), VEROSSA (GX115). OEM:4882022051. Артикул: HS822060. Производитель Hanse (Чехия). Высокое качество. Звоните, заказывайте!;6500;
Toyota;Mark II;3;Тяга стабилизатора передней подвески, левая на Toyota Mark II;Тяга стабилизатора передней подвески, левая. Применяемость: MARK 2 (JZX93, GX105, JZX105, GX115, JZX115), CHASER (JZX93, GX105, JZX105), CRESTA (JZX93, GX105, JZX105), ALTEZZA/ALTEZZA GITA (GXE15, JCE15), BREVIS (JCG15), CROWN/CROWN MAJESTA (JZS153,157, JZS173,179), PROGRES (JCG15), VEROSSA (GX115). OEM:4881022041. Артикул: HS821059. Производитель Hanse (Чехия). Высокое качество. Звоните, заказывайте!;6500;
Toyota;Mark II;3;Рулевая тяга на Toyota Mark II;Рулевая тяга. Применяемость: CHASER, CRESTA, MARK 2 (все - _X9_ 1992-1996, _X10_ 1996-2001). OEM:4550329485 . Артикул: HT820123. Производитель Hanse (Чехия). Высокое качество. Звоните, заказывайте!;3500;
Toyota;Mark II;1;Рулевая тяга на Toyota Mark II;Рулевая тяга. Применяемость: MARK 2 (GX81,LX80,LX80Y,YX80,YX80Y,SX80,SX80Y) 88-95, CHASER (GX81,LX80,LX80Y,JZX81,RX8#,YX80Y,SX80,SX80Y,YX80) 88-92, CRESSIDA (GX81L/R,RX80L/R,RX81L,LX80L,MX81L,MX83R,SX80) 88-96, CRESTA (JLX81,GX81,LX80,LX80Y,RX8#,YX80,YX80Y,SX80,SX80Y) 88-92, CROWN COMFORT (LXS10R,YXS10R,LXS12R) 96-06, CROWN COMFORT/SED (GXS12,GXS10,LXS11,LXS11Y,SXS13Y,YXS10,YXS10H,YXS11,YXS11Y,SXS11Y) 95-. OEM:4550329305, 4550329185. Артикул: HT820142. Производитель Hanse (Чехия). Высокое качество. Звоните, заказывайте!;4500;
Toyota;Mark II;5;Тяга стабилизатора задней подвески на Toyota Mark II;Тяга стабилизатора задней подвески. Применяемость: CELSIOR UCF2# 1994-2000, CENTURY GZG50 1997-, CHASER GX10#, JZX10#, LX100, SX100 1996-2001, CHASER GX90, JZX9#, LX90, SX90 1992-1996, CRESTA GX10#, JZX10#, LX100 1996-2001, CRESTA GX90, JZX9#, LX90, SX90 1992-1996, CROWN JZS155, GS151 1995-2001, CROWN/CROWN MAJESTA GS151, JZS15#, LS151, UZS15# 1995-2001, LEXUS LS400 UCF20 1994-2000, MARK 2 GX10#, JZX10#, LX100 1996-2000, MARK 2 GX90, LX90, SX90, JZX9# 1992-1996. OEM:4883022041. Артикул: HS820031. Производитель Hanse (Чехия). Высокое качество. Звоните, заказывайте!;3900;
Toyota;Mark II;5;Сайлентблок передней поперечной тяги задней подвески на Toyota Mark II;Сайлентблок передней поперечной тяги задней подвески, внутренний. Применяемость: TOYOTA MARK 2/CHASER/CRESTA GX100 1996-2001, MARK 2/CHASER/CRESTA GX93 4WD 1992-1996, MARK 2/CHASER/CRESTA GX90 1992-1996, MARK 2/CHASER/CRESTA GX105 4WD 1996-2001, CENTURY GZG50 1997-2005, LS400/CELSIOR UCF20 1994-2000. OEM:4871022300*, 4871050030*, 4871050050*, 4872050030*, 4872550070. Артикул: HR822438. Производитель Hanse (Чехия). Высокое качество. Звоните, заказывайте!;2200;
Toyota;Mark II;2;Сайлентблок цапфы задней подвески, плавающий на Toyota Mark II;Сайлентблок цапфы задней подвески, плавающий. Применяемость: CHASER куз.GX100 09/1996- CRESTA куз.GX100 06/1996- CROWN куз.GS151 12/1995- MARK 2 куз.GX100 09/1996-. OEM:4230430050*, 4230530050*. Артикул: HR822168. Производитель Hanse (Чехия). Высокое качество. Звоните, заказывайте!;7700;
Toyota;Mark II;2;Сайлентблок цапфы задней подвески, плавающий на Toyota Mark II;Сайлентблок цапфы задней подвески, плавающий. Применяемость: CHASER куз.GX90 -09/1996, CRESTA куз.GX90 -09/1996, MARK 2 куз.GX90 -09/1996. OEM:4230430040*, 4230530040*. Артикул: HR822167. Производитель Hanse (Чехия). Высокое качество. Звоните, заказывайте!;5300;
Toyota;Mark II;2;Опора карданного вала, с подшипником на Toyota Mark II;Опора карданного вала, с подшипником. Применяемость: MARK 2/CHASER/CRESTA (GX9#) 1992-1996. OEM:3723022190. Артикул: HM820510. Производитель Hanse (Чехия). Высокое качество. Звоните, заказывайте!;16500;
Toyota;Mark II;2;Втулка стабилизатора передней подвески, внутренняя на Toyota Mark II;Втулка стабилизатора передней подвески, внутренняя. Применяемость: MARK 2/MARK 2 BLIT (GX,JZX11#) 00-, VEROSSA (GX11#,JZX110) 01-. OEM:4881522240. Артикул: HR821328. Производитель Hanse (Чехия). Высокое качество. Звоните, заказывайте!;800;
Toyota;Mark II;5;Сайлентблок рычага передней подвески на Toyota Mark II;Сайлентблок рычага передней подвески. Применяемость: MARK II (GX90-100), CHASER (GX 90-100), CRESTA, CROWN. OEM:4863230100, 4861039045*, 4863039025*, 4861029065*, 4863029065*, 4861029055*, 4863029055*, 4861029115*, 4863029105*, 4861029075*, 4861039055*, 4861029115*, 4863029105*. Артикул: HR821179. Производитель Hanse (Чехия). Высокое качество. Звоните, заказывайте!;2500;
Toyota;Mark II;5;Сайлентблок цапфы задней подвески, передний на Toyota Mark II;Сайлентблок цапфы задней подвески, передний. Применяемость: CHASER(#X10#,#X9#), MARK2(#X10#,#X9#), CROWN(JZS155,GS151), CRESTA(#X10#,#X9#). OEM:4872522150, 4872522180, 4873022041*. Артикул: HR822173. Производитель Hanse (Чехия). Высокое качество. Звоните, заказывайте!;2500;
Toyota;Mark II;5;Опора шаровая нижнего рычага передней подвески, левая на Toyota Mark II;Опора шаровая нижнего рычага передней подвески, левая. Применяемость: Mark2, Chaser, Cresta (GX100, LX100, JZX100, JZX101, SX100) 96-00, Progress, Brevis (JCG10, JCG11) 98-. OEM:4334059105, 4334029145, 4334029146, 4334029165, 4334029185, 4334059085. Артикул: HB821228. Производитель Hanse (Чехия). Высокое качество. Звоните, заказывайте!;4500;
Toyota;Mark II;5;Опора шаровая нижнего рычага передней подвески, правая на Toyota Mark II;Опора шаровая нижнего рычага передней подвески, правая. Применяемость: Mark2, Chaser, Cresta (GX100, LX100, JZX100, JZX101, SX100) 96-00, Progress, Brevis (JCG10, JCG11) 98-. OEM:4333059105, 4333029355, 4333029356, 4333029385, 4333029415, 4333059085. Артикул: HB822229. Производитель Hanse (Чехия). Высокое качество. Звоните, заказывайте!;4500;
Toyota;MR 2;2;Ремень приводной, поликлиновой на Toyota MR 2;Ремень приводной, поликлиновой. Применяемость: TOYOTA Auris, Corolla , Corolla Altis, Corolla Fielder, MR2, DODGE (Chrysler) Sebring, Stratus, FORD (USA) Escape, GAZ (Volga) Siber, HYUNDAI i30, KIA Ceed, RENAULT Clio, Clio Symbol, Kangoo, Kangoo Express, Symbol. OEM:6PK1400, 4892750AA, 4892748AA, 04892748AA, 04792409AC, 4892750AA, 2521227160, 2521227160, J50315381A, 7700101474, 7700114352, 7700874202, 9091602487, 9091602539. Артикул: 6PK1400. Производитель Hanse (Чехия). Высокое качество. Звоните, заказывайте!;2900;
Toyota;Previa;1;Ремень приводной, поликлиновой на Toyota Previa;Ремень приводной, поликлиновой. Применяемость: DAEWOO MATIZ (KLYA), RENAULT LOGAN 2004-, TOYOTA PREVIA (TCR1#, TCR2#) 1990-2000, DAIHATSU Charade (L2#), CuoreVI (L7#), CuoreVII (L251), Move (L6, L9), Sirion (M1), Trevis, YRV (M2), . OEM:4PK718, 4PK715, 96570669, 9004831020, 8859497205, 8859497201, MD350607, 117202M310, 6001548021, 8200211651, 9936400720, 9936450720, 9936470720, 9936480720, 9936420720. Артикул: 4PK718. Производитель Hanse (Чехия). Высокое качество. Звоните, заказывайте!;1100;
Nissan;Primera;1;Ремень приводной, поликлиновой на Nissan Primera;Ремень приводной, поликлиновой. Применяемость: CHEVROLET MATIZ, Nissan Almera, Primera 93-98, Sunny 92-/ Mitsubishi Galant 88-92. OEM:4PK-915, GFB358, 4612468, 4861401, 46770219, 7651197, 7754142, FS0518381, FS1218381, 1172071J05, 1172077A00, 1172077A10, 11720D4017, 1192016V00, 1192016V10, 119500P610, 4PK913, QBR4913, 8200041851, 04K0915, GFB80910, GMB40910, 9936400910. Артикул: 4PK915. Производитель Hanse (Чехия). Высокое качество. Звоните, заказывайте!;1400;
Toyota;Prius;1;Втулка стабилизатора передней подвески, внутренняя на Toyota Prius;Втулка стабилизатора передней подвески, внутренняя. Применяемость: LITE/TOWNACE 1996-2007 , PRIUS 2000-2003 , TOWNACE/LITEACE 1996-2001. OEM:4881528120. Артикул: HR821470. Производитель Hanse (Чехия). Высокое качество. Звоните, заказывайте!;500;
Toyota;Prius;2;Втулка стабилизатора передней подвески, внутренняя на Toyota Prius;Втулка стабилизатора передней подвески, внутренняя. Применяемость: COROLLA SED/WG 2005-… , PRIUS 2003-2009. OEM:4881512340, 4881502240. Артикул: HR821467. Производитель Hanse (Чехия). Высокое качество. Звоните, заказывайте!;500;
Toyota;Prius;3;Рулевая тяга на Toyota Prius;Рулевая тяга. Применяемость: LITE/TOWNACE NOAH,V CR5#/SR50/KR52 4WD 1996-2007, PRIUS ZVW30 2009-, PRIUS(PLUG-IN HBD) ZVW35 4WD 2009-. OEM:4550329685. Артикул: HT820172. Производитель Hanse (Чехия). Высокое качество. Звоните, заказывайте!;4600;
Toyota;RAV 4;1;Чехол ШРУС переднего привода на Toyota RAV 4;Чехол ШРУС переднего привода. Применяемость: CAMRY, CARINA E, COROLLA, RAV 4, CELICA. OEM:0443812290, 0443812030, 0443812031, 0443817021, 0443832171, 0443820110, 0443812181, 0443832020, 0443812270, 0443820131, 0443812301, 0443832022. Артикул: HR821070. Производитель Hanse (Чехия). Высокое качество. Звоните, заказывайте!;2000;
Toyota;RAV 4;1;Втулка стабилизатора передней подвески, внутренняя на Toyota RAV 4;Втулка стабилизатора передней подвески, внутренняя. Применяемость: RAV 4 ' 1994-. OEM:4881542020. Артикул: HR821028. Производитель Hanse (Чехия). Высокое качество. Звоните, заказывайте!;600;
Toyota;RAV 4;2;Тяга стабилизатора задней подвески, левая на Toyota RAV 4;Тяга стабилизатора задней подвески, левая. Применяемость: RAV 4 (ACA2#, CLA2#, ZCA2#) 2000-. OEM:4884042010. Артикул: HS821039. Производитель Hanse (Чехия). Высокое качество. Звоните, заказывайте!;4000;
Toyota;RAV 4;2;Тяга стабилизатора задней подвески, правая на Toyota RAV 4;Тяга стабилизатора задней подвески, правая. Применяемость: RAV 4 (ACA2#, CLA2#, ZCA2#) 2000-. OEM:4883042010. Артикул: HS822040. Производитель Hanse (Чехия). Высокое качество. Звоните, заказывайте!;4000;
Toyota;RAV 4;2;Рулевая тяга на Toyota RAV 4;Рулевая тяга. Применяемость: RAV 4 (ACA2#,CLA2#,ZCA2#) 00-03. OEM:4550349055. Артикул: HT820139. Производитель Hanse (Чехия). Высокое качество. Звоните, заказывайте!;4000;
Toyota;RAV 4;1;Тяга стабилизатора передней подвески, правая на Toyota RAV 4;Тяга стабилизатора передней подвески, правая. Применяемость: CARINA E, RAV 4, AVENSIS 1997-. OEM:4882020040, 4882005012. Артикул: HS822026. Производитель Hanse (Чехия). Высокое качество. Звоните, заказывайте!;2300;
Toyota;RAV 4;1;Тяга стабилизатора передней подвески на Toyota RAV 4;Тяга стабилизатора передней подвески. Применяемость: RAV 4 SXA1# 1994-2000. OEM:4882042010. Артикул: HS820032. Производитель Hanse (Чехия). Высокое качество. Звоните, заказывайте!;2600;
Toyota;RAV 4;1;Сайлентблок нижнего рычага передней подвески, задний на Toyota RAV 4;Сайлентблок нижнего рычага передней подвески, задний. Применяемость: RAV-4 (1993-1999). OEM:4807642050*, 4807642010*, 4807642011*, 4807542050*, 4807542010*, 4807542011*. Артикул: HR821174. Производитель Hanse (Чехия). Высокое качество. Звоните, заказывайте!;2700;
Toyota;RAV 4;2;Рулевая тяга на Toyota RAV 4;Рулевая тяга. Применяемость: ISIS (ANM1#, ZGM1#, ZNM10) 2004-2009, RAV4 (ACA2#, CLA2#, ZCA2#) 2003-2005. OEM:4550349165. Артикул: HT820156. Производитель Hanse (Чехия). Высокое качество. Звоните, заказывайте!;4800;
Toyota;RAV 4;3;Опора стойки амортизатора передней подвески на Toyota RAV 4;Опора стойки амортизатора передней подвески. Применяемость: RAV4 (ACA3#) 2005-2010 RUSSIA. OEM:4860942060, 4860942030. Артикул: HM820014. Производитель Hanse (Чехия). Высокое качество. Звоните, заказывайте!;12300;
Toyota;RAV 4;3;Тяга стабилизатора задней подвески на Toyota RAV 4;Тяга стабилизатора задней подвески. Применяемость: RAV4 (ACA3#, ALA3#, ASA3#, GSA3#, ZSA3#) 2005-. OEM:4883042021, 4883042020. Артикул: HS820067. Производитель Hanse (Чехия). Высокое качество. Звоните, заказывайте!;4200;
Toyota;RAV 4;3;Втулка стабилизатора задней подвески, внутренняя на Toyota RAV 4;Втулка стабилизатора задней подвески, внутренняя. Применяемость: RAV4 (ACA3#, GSA3#) 2005-. OEM:4881842010. Артикул: HR822432. Производитель Hanse (Чехия). Высокое качество. Звоните, заказывайте!;500;
Toyota;RAV 4;3;Опора шаровая нижнего рычага передней подвески на Toyota RAV 4;Опора шаровая нижнего рычага передней подвески. Применяемость: ALPHARD/VELLFIRE (ANH2#,GGH2#) 2008-, ALPHARD/VELLFIRE (ANH20,GGH20) 2008-, ESTIMA (ACR5#,GSR5#) 2006-, ESTIMA HYBRID (AHR20) 2006-, PREVIA/TARAGO (ACR50,GSR50) 2006-, RAV4 (JPP) (ACA3#,ASA3#,GSA3#) 2005-, RAV4 (ACA3#,ALA3#,GSA33,ZSA3#) 2005-, RAV4/VANGUARD (ACA3#,GSA33) 2005-. OEM:4333049095. Артикул: HB820247. Производитель Hanse (Чехия). Высокое качество. Звоните, заказывайте!;7500;
Toyota;RAV 4;3;Опора стойки амортизатора передней подвески на Toyota RAV 4;Опора стойки амортизатора передней подвески. Применяемость: RAV4 (JPP) (ACA3#,ASA3#,GSA3#) 2005-, RAV4 (ACA3#,ALA3#,GSA33,ZSA3#) 2005-, RAV4/VANGUARD (ACA3#,GSA33) 2005-. OEM:4860942020. Артикул: HM820012. Производитель Hanse (Чехия). Высокое качество. Звоните, заказывайте!;10500;
Toyota;RAV 4;3;Опора стойки амортизатора передней подвески на Toyota RAV 4;Опора стойки амортизатора передней подвески. Применяемость: RAV4 (JPP) (ACA3#,ASA3#,GSA3#) 2005-, RAV4 (ACA3#,ALA3#,GSA33,ZSA3#) 2005-. OEM:4860942030, 4860942060. Артикул: HM820013. Производитель Hanse (Чехия). Высокое качество. Звоните, заказывайте!;9900;
Toyota;RAV 4;2;Втулка стабилизатора передней подвески, внутренняя на Toyota RAV 4;Втулка стабилизатора передней подвески, внутренняя. Применяемость: RAV-4 2000-. OEM:4881542050 . Артикул: HR821078. Производитель Hanse (Чехия). Высокое качество. Звоните, заказывайте!;700;
Toyota;RAV 4;2;Втулка стабилизатора задней подвески, внутренняя на Toyota RAV 4;Втулка стабилизатора задней подвески, внутренняя. Применяемость: RAV-4 2000-. OEM:4881542030 . Артикул: HR822077. Производитель Hanse (Чехия). Высокое качество. Звоните, заказывайте!;1000;
Toyota;RAV 4;2;Втулка стабилизатора задней подвески, внутренняя на Toyota RAV 4;Втулка стабилизатора задней подвески, внутренняя. Применяемость: RAV4 2000-2005. OEM:4881542040. Артикул: HR822465. Производитель Hanse (Чехия). Высокое качество. Звоните, заказывайте!;400;
Toyota;RAV 4;2;Комплект ГРМ на Toyota RAV 4;Комплект ГРМ. Применяемость: RAV4 (ACA20) 1AZFE 2000-2006. OEM:1350628010#, 1350728010#, 1352128010#, 1352328010#, 1351928010#, 1516328010#, 1354028010#, 1356128010#, 1355928010#, 1354928010#. Артикул: HZ82K005. Производитель Hanse (Чехия). Высокое качество. Звоните, заказывайте!;57900;
Toyota;RAV 4;3;Втулка стабилизатора передней подвески, внутренняя, левая на Toyota RAV 4;Втулка стабилизатора передней подвески, внутренняя, левая. Применяемость: AURIS/HYBRID (UKP) ADE15#/NDE150/NRE150/ZRE15#/ZZE150/ZWE150 2007-, AVENSIS ADT27#/ZRT27# 2008-, RAV4 ACA3#/GSA3# 2005-, COROLLA RUMION NZE151/ZRE15# 2007-. OEM:4881542090, 4881542110, 4881505170. Артикул: HR821477. Производитель Hanse (Чехия). Высокое качество. Звоните, заказывайте!;2400;
Toyota;RAV 4;3;Втулка стабилизатора передней подвески, внутренняя, правая на Toyota RAV 4;Втулка стабилизатора передней подвески, внутренняя, правая. Применяемость: AURIS/HYBRID (UKP) ADE15#/NDE150/NRE150/ZRE15#/ZZE150/ZWE150 2007-, AVENSIS ADT27#/ZRT27# 2008-, RAV4 ACA3#/GSA3# 2005-, COROLLA RUMION NZE151/ZRE15# 2007-. OEM:4881542100, 4881542120, 4881505160. Артикул: HR821478. Производитель Hanse (Чехия). Высокое качество. Звоните, заказывайте!;2400;
Toyota;Cami;2;Рулевая тяга на Toyota Cami;Рулевая тяга. Применяемость: TOYOTA CAMI (J100E,J102E,J122E) 1999-2005, RUSH (J200E) 2008-2009, RUSH (J200E,J210E) 2006-, Daihatsu Terios (7 Seaters) F700/F710, Terios J200/J210/J211. OEM:4546087401, 4550387401. Артикул: HT820171. Производитель Hanse (Чехия). Высокое качество. Звоните, заказывайте!;5200;
Toyota;Supra;1;Сайлентблок цапфы задней подвески, плавающий на Toyota Supra;Сайлентблок цапфы задней подвески, плавающий. Применяемость: MARK 2 WG (MCV,SXV2#) 97-01, CAMRY (SV2#,VZV21) 87-91, CAMRY GRACIA (MCV,SXV2#) 97-01, CAMRY/VISTA (SV2#,3#,VZV20,3#,CV20,30) 87-94, SOARER (GZ20,MZ2#) 86-91, SUPRA (GA70,JZA70,MA70) 86-93. OEM:4221014010, 4230432050*, 4230532050*, 4871032080*, 4873032090*, 4871020270*, 4871032050*, 4873020180*, 4873032070*, 4230414010*, 4230514010*, 4230420060*, 4230520060*, 4230432060*, 4230532060*, 4871021020*, 4873021040*, 4873021090*. Артикул: HR822165. Производитель Hanse (Чехия). Высокое качество. Звоните, заказывайте!;7500;
Toyota;Town Ace Noah;1;Сайлентблок верхнего рычага передней подвески на Toyota Town Ace Noah;Сайлентблок верхнего рычага передней подвески, передний. Применяемость: TOWNACE TRUCK CM 50, KM 50, YM 55. OEM:4863227010. Артикул: HR821103. Производитель Hanse (Чехия). Высокое качество. Звоните, заказывайте!;2700;
Toyota;Town Ace Noah;1;Рулевая тяга на Toyota Town Ace Noah;Рулевая тяга. Применяемость: LITE/TOWNACE (CM5#, KM5#, YM5#), LITEACE (CM3#, KM3#, YM3#), LITEACE VAN,WAGON (CM3#, KM3#, YM3#), TOWN/MASTERACE V,WG (CR2#, KR2#, YR2#). OEM:4550329215. Артикул: HT820145. Производитель Hanse (Чехия). Высокое качество. Звоните, заказывайте!;4400;
Toyota;Town Ace Noah;1;Опора шаровая верхнего рычага передней подвески на Toyota Town Ace Noah;Опора шаровая верхнего рычага передней подвески. Применяемость: DELIBOY (CXC10, KXC10), LITE/TOWNACE (CR2#, KR27, YR2#, CR4#, KR4#, SR40, CM5#, KM5#, YM55, CM7#, KM7#), LITEACE (KM20, YM2#, CM20, CM36, KM3#, YM3#), LITEACE VAN WAGON (CR27, KR2#, YR2#,39), LITEACE VAN,WAGON (KM3#, YM30, CM3#), MODEL-F (YR2#, CR21), TOWNACE/LITEACE (CR41,KR4#,SR40), TOWN/MASTERACE V,WG (CR2#, KR2#, YR2#), T.U.V (KF60,7#,8#, LF6#,7#,80,81,82, RZF71,80,81, YF60,80), VAN (YR2#). OEM:4336029056, 4336029055, 4335029036, 4335029035, 4335029076, 4335029085. Артикул: HB820137. Производитель Hanse (Чехия). Высокое качество. Звоните, заказывайте!;5400;
Toyota;Town Ace Noah;1;Сайлентблок нижнего продольного рычага на Toyota Town Ace Noah;Сайлентблок нижнего продольного рычага задней подвески, передний и задний. Применяемость: TOYOTA TOWNACE/LITEACE CR4#/KR4#/SR40 1996-2004, TOYOTA LITE/TOWNACE NOAH,V CR4#/SR40/KR4# 1996-2007, TOYOTA LITE/TOWNACE NOAH,V CR5#/SR50/KR52 4WD 1996-2007. OEM:4870428040. Артикул: HR822441. Производитель Hanse (Чехия). Высокое качество. Звоните, заказывайте!;3200;
Toyota;Town Ace Noah;1;Втулка тяги стабилизатора на Toyota Town Ace Noah;Втулка тяги стабилизатора. Применяемость: LITE/TOWNACE NOAH,V CR4#/SR40/KR4# 1996-2007, LITE/TOWNACE NOAH,V CR5#/SR50/KR52 4WD 1996-2007, T.U.V KF#/LF#/RZF#/YF60/YF80 1996-2007, TACOMA RZN140/VZN150 1995-2004, TOWNACE/LITEACE CR4#/KR4#/SR40 1996-2004. OEM:9038512015. Артикул: HR820431. Производитель Hanse (Чехия). Высокое качество. Звоните, заказывайте!;400;
Toyota;Town Ace Noah;1;Сайлентблок верхней продольной тяги задней подвески на Toyota Town Ace Noah;Сайлентблок верхней продольной тяги задней подвески, передний и задний. Применяемость: TOYOTA LITE/TOWNACE NOAH,V CR5#/SR50/KR52 4WD 1996-2007, LITE/TOWNACE NOAH,V CR4#/SR40/KR4# 1996-2007, TOWNACE/LITEACE CR4#/KR4#/SR40 1996-2004. OEM:4871028140*, 4871028150*. Артикул: HR822439. Производитель Hanse (Чехия). Высокое качество. Звоните, заказывайте!;2800;
Toyota;Camry;7;Рулевая тяга на Toyota Camry;Рулевая тяга. Применяемость: TOYOTA CAMRY (ACV3#,MCV30) 01-, LEXUS ES300 (MCV30) 01-, WINDOM (MCV30) 01-. OEM:4550339225, 4550309230. Артикул: HT820140. Производитель Hanse (Чехия). Высокое качество. Звоните, заказывайте!;5000;
Toyota;Duet;1;Чехол амортизатора передней подвески на Toyota Duet;Чехол амортизатора передней подвески. Применяемость: Daihatsu Cuore L501, Move L601, Sirion M100/101/110/111, YRV M200/201/211, TOYOTA DUET (M100A,M101A,M110A,M111A) 98-04. OEM:4833187204, 4833187204000. Артикул: HR821381. Производитель Hanse (Чехия). Высокое качество. Звоните, заказывайте!;2600;
Toyota;HiAce;5;Сайлентблок реактивной тяги передней подвески на Toyota HiAce;Сайлентблок реактивной тяги передней подвески. Применяемость: TOYOTA HIACE (KDH2#, TRH2#, LH2#) 2005-, TOYOTA HIACE/REGIUSACE (KDH2#, TRH2#) 2004-. OEM:4867426040. Артикул: HR821425. Производитель Hanse (Чехия). Высокое качество. Звоните, заказывайте!;1700;
Toyota;Yaris;2;Чехол стойки амортизатора задней подвески, с отбойником на Toyota Yaris;Чехол стойки амортизатора задней подвески, с отбойником. Применяемость: TOYOTA YARIS (##P90) 2005-, TOYOTA VITZ (##P90) 2005-2010, TOYOTA VERSO-S (N#P12#) 2010-, TOYOTA URBAN CRUISER (N#P110) 2009-, TOYOTA SCION XD (ZSP110) 2007-, TOYOTA RACTIS (NCP120, NSP120) 2010-. OEM:4875052100, 487500D050. Артикул: HR822413. Производитель Hanse (Чехия). Высокое качество. Звоните, заказывайте!;4700;
Volkswagen;Transporter;3;Ремень приводной зубчатый AVX на Volkswagen Transporter;Ремень приводной зубчатый AVX. Применяемость: VW Transporter III -92/ Ford Sierra/ MAN, IKARUS. OEM:AVX13x1225, 6109565, 83TF6C301CA, 814195, 9091602078, 068260849AE, 068260849E. Артикул: AVX13x1225. Производитель Hanse (Чехия). Высокое качество. Звоните, заказывайте!;1100;
Toyota;Urban Cruiser;1;Опора стойки амортизатора передней подвески на Toyota Urban Cruiser;Опора стойки амортизатора передней подвески. Применяемость: BELTA (KSP92,NCP96,SCP92), IST (NCP11#,ZSP110), RACTIS (NCP10#,SCP100), RACTIS (NCP12#,NSP12#), SCION XD (ZSP110), URBAN CRUISER (NLP11#,NSP110), VERSO-S (NLP121,NSP120), VIOS (NCP9#), VITZ (KSP90,NCP9#,SCP90), VITZ (KSP130,NCP131,NSP13#), YARIS (NCP9#). OEM:486090D050, 4860952100. Артикул: HM820016. Производитель Hanse (Чехия). Высокое качество. Звоните, заказывайте!;8400;
Opel;Vectra;1;Ремень приводной зубчатый AVX на Opel Vectra;Ремень приводной зубчатый AVX. Применяемость: Opel Vectra A, Omega A/ Ford Sierra, Scorpio I/ Volvo 740-940/ Peugeot 605/ Otoel. OEM:AVX10x1000, 91536308, 7575315, 6044993, 6112414, 76TF8620BA, EAC3850, 4371913, 7575315, 800140044, 0029970692, 0049976492, 0049978592, 0049978692, 0059975192, 0079971192, 14853H9910, 1340720, 128014, 7700634518, 7700658289, 942100009, 942600009, 943100010, 9091602330, 90231797, 90231797, 973478. Артикул: AVX10x1000. Производитель Hanse (Чехия). Высокое качество. Звоните, заказывайте!;700;
Toyota;Voltz;1;Тяга стабилизатора задней подвески на Toyota Voltz;Тяга стабилизатора задней подвески. Применяемость: COROLLA SED/HB (NAP) (ZZE13#) 02-, VOLTZ (ZZE13#) 02-. OEM:4883001010. Артикул: HS820050. Производитель Hanse (Чехия). Высокое качество. Звоните, заказывайте!;4200;
Toyota;Windom;3;Опора стойки амортизатора передней подвески на Toyota Windom;Опора стойки амортизатора передней подвески. Применяемость: ESTIMA T/L (ACR30, MCR30) 1999-2006, WINDOM (MCV30) 2001-2006, CAMRY (ACV35, MCV35) 4WD 2001-2006, CAMRY (ACV3#, MCV3#) 2001-2006, LEXUS ES300 (MCV30) 2001-2006, ES300/330 (MCV30) 2001-2006. OEM:4860933170, 4860933150. Артикул: HM820018. Производитель Hanse (Чехия). Высокое качество. Звоните, заказывайте!;8800;
Toyota;Windom;1;Втулка стабилизатора задней подвески, внутренняя на Toyota Windom;Втулка стабилизатора задней подвески, внутренняя. Применяемость: CAMRY SXV20, WINDOM SXV10. OEM:4881833040. Артикул: HR822012. Производитель Hanse (Чехия). Высокое качество. Звоните, заказывайте!;700;
Toyota;Windom;1;Рулевая тяга на Toyota Windom;Рулевая тяга. Применяемость: CAMRY WINDOM SXV10 . OEM:4550339135, 4550329355, 4550339055. Артикул: HT820115. Производитель Hanse (Чехия). Высокое качество. Звоните, заказывайте!;5000;
Toyota;Wish;1;Наконечник рулевой тяги, левый на Toyota Wish;Наконечник рулевой тяги, левый. Применяемость: COROLLA SED/WG/HB (CE120,NZE12#,ZZE12#) 00-, COROLLA 5D (ZZE122) 01-04, COROLLA RUNX/ALLEX (NZE12#,ZZE12#) 01-, COROLLA SPACIO (NZE121,ZZE12#) 01-, COROLLA VERSO (CDE120,ZZE12#) 01-03, COROLLA/FIELDER (CE121,NZE12#,ZZE12#) 00-, ALTIS (CE121) 00-, PREMIO/ALLION (AZT240,NZT240,ZZT24#) 01-, PRIUS (NHW1#) 00-03, WILL VS (NZE127,ZZE12#) 01-, WISH (ANE1#,ZNE1#) 03-. OEM:4504749045, 4504719115. Артикул: HT821236. Производитель Hanse (Чехия). Высокое качество. Звоните, заказывайте!;4700;
Toyota;Wish;1;Наконечник рулевой тяги, правый на Toyota Wish;Наконечник рулевой тяги, правый. Применяемость: COROLLA SED/WG/HB (CE120,NZE12#,ZZE12#) 00-, COROLLA 5D (ZZE122) 01-04, COROLLA RUNX/ALLEX (NZE12#,ZZE12#) 01-, COROLLA SPACIO (NZE121,ZZE12#) 01-, COROLLA VERSO (CDE120,ZZE12#) 01-03, COROLLA/FIELDER (CE121,NZE12#,ZZE12#) 00-, ALTIS (CE121) 00-, PREMIO/ALLION (AZT240,NZT240,ZZT24#) 01-, PRIUS (NHW1#) 00-03, WILL VS (NZE127,ZZE12#) 01-, WISH (ANE1#,ZNE1#) 03-. OEM:4504649115, 4504619265. Артикул: HT822237. Производитель Hanse (Чехия). Высокое качество. Звоните, заказывайте!;4700;
Toyota;Yaris;2;Рулевая тяга на Toyota Yaris;Рулевая тяга. Применяемость: YARIS (#P9#) 2005-. OEM:4550352070, 455030D080. Артикул: HT820157. Производитель Hanse (Чехия). Высокое качество. Звоните, заказывайте!;3700;
Toyota;Yaris;2;Опора стойки амортизатора передней подвески на Toyota Yaris;Опора стойки амортизатора передней подвески. Применяемость: YARIS (FRP) (KSP90,NLP90,NSP90,SCP90) 2005-. OEM:486090D040. Артикул: HM820011. Производитель Hanse (Чехия). Высокое качество. Звоните, заказывайте!;8400;
Toyota;Yaris;1;Тяга стабилизатора передней подвески на Toyota Yaris;Тяга стабилизатора передней подвески. Применяемость: BB (NCP2#), ECHO (NCP1#), FUN CARGO (NCP2#), IST (NCP6#), PLATZ (NCP1#), PORTE (NNP1#), PROBOX/SUCCEED (NCP5#, NLP5#), RAUM (NCZ2#), SCION (NCP3#, NCP6#), SIENTA (NCP8#), TOYOTA XA (NCP61), VIOS (NCP4#, SCP4#, AXP4#), VITZ (NCP1#, SCP1#), WILL (NCP19, NCP7#), YARIS (NCP1#, NLP1#, SCP1#), YARIS/ECHO (NCP1#), YARIS/ECHO VERSO (NCP2#, NLP2#). OEM:4881952010. Артикул: HS820052. Производитель Hanse (Чехия). Высокое качество. Звоните, заказывайте!;2800;
Toyota;Yaris;1;Чехол стойки амортизатора передней подвески на Toyota Yaris;Чехол стойки амортизатора передней подвески. Применяемость: YARIS (NCP1#, NLP10, SCP10) 1999-2005, BB/OPEN DECK (NCP30) 2000-2005, BB/OPEN DECK (NCP35) 4WD 2003-2005, ECHO (NCP12, NCP13) 1999-2005, FUN CARGO (NCP2#) 1999-2005, FUN CARGO (NCP25) 4WD 1999-2005, IST (NCP60, NCP61) 2002-2007, IST (NCP65) 4WD 2002-2007, PLATZ (NCP12, SCP11) 1999-2005, PLATZ (NCP16) 4WD 1999-2005, PORTE (NNP10, NNP11) 2004-, PORTE (NNP15) 4WD 2006-, PROBOX/SUCCEED (NCP51) 2002-, PROBOX/SUCCEED (NCP55) 4WD 2002-, RAUM (NCZ20) 2003-2011, RAUM (NCZ25) 4WD 2003-2011, SCION XA (NCP61) 2003-2006, SCION XB (NCP31) 2003-2006, SIENTA (NCP81) 2003-, SIENTA (NCP85) 4WD 2003-, VITZ (NCP1#, SCP1#) 1999-2005, VITZ (NCP15) 4WD 1999-2005, WILL CYPHA (NCP70) 2002-2005, WILL CYPHA (NCP75) 4WD 2002-2005, WILL VI (NCP19) 2000-2001, XA (NCP61) 2003-2006, YARIS/ECHO (NCP1#, SCP10) 1999-2005, YARIS/ECHO VERSO (NCP2#, NLP2#) 1999-2005. OEM:481570D010, 4815752010. Артикул: HR821428. Производитель Hanse (Чехия). Высокое качество. Звоните, заказывайте!;2800;
Toyota;Yaris;2;Втулка стабилизатора передней подвески, внутренняя на Toyota Yaris;Втулка стабилизатора передней подвески, внутренняя. Применяемость: BELTA (KSP92,NCP96,SCP92), RACTIS (NCP10#,SCP100), RACTIS (NCP12#,NSP12#), VIOS (NCP9#), VITZ (KSP90,NCP9#,SCP90), VITZ (KSP130,NCP131,NSP13#), YARIS (NCP9#). OEM:488150D081, 4881552080, 488150D080. Артикул: HR821405. Производитель Hanse (Чехия). Высокое качество. Звоните, заказывайте!;800;
Toyota;Yaris;2;Комплект ГРМ на Toyota Yaris;Комплект ГРМ. Применяемость: COROLLA (NZE12#), YARIS (NCP9#), VITZ (NCP13), PLATZ (NCP12) дв.1NZFE. OEM:1350621020#, 1352121020#, 1352321020#, 1354021010#, 1356121010#, 1355921010#. Артикул: HZ82K006. Производитель Hanse (Чехия). Высокое качество. Звоните, заказывайте!;55800;
Toyota;Yaris;2;Сайлентблок задней балки, передний на Toyota Yaris;Сайлентблок задней балки, передний. Применяемость: VIOS 2007-, YARIS 2006-2013, COROLLA AXIO NZE161 2012-, AQUA NHP10 2011-. OEM:487250D070, 4872552060. Артикул: HR822462. Производитель Hanse (Чехия). Высокое качество. Звоните, заказывайте!;3200;
HONDA;Yaris;2;Подшипник опоры стойки амортизатора передней подвески на HONDA Yaris;Подшипник опоры стойки амортизатора передней подвески. Применяемость: AIRWAVE GJ1/GJ2 2005-, BALLADE 2011-, CITY 2003-2008, CITY ZX 2004-, CR-Z 2011-, FREED GB3/GB4 2008-, INSIGHT ZE2/ZE3 2009-, JAZZ/FIT GD# 2002-2008, MOBILIO GB1/GB2 2001-2008, PARTNER GJ3/GJ4 2005-, ZEST JE1/JE2 2006-, SUZUKI SWIFT RS413/RS415/RS416 2003-, TOYOTA AYGO KGB10 2005-, YARIS KSP90/NLP90/NSP90/SCP90/NCP90/ZSP90 2005-, VITZ KSP90/NCP91/SCP90 2005-2010, URBAN CRUISER NLP110/NSP110 2009-, RACTIS NCP100 2005-2010. OEM:51726SAA013, 51726SAA003, 4174158J00, 486190H010, 486190D010, 486190D011. Артикул: HM870806. Производитель Hanse (Чехия). Высокое качество. Звоните, заказывайте!;3300;
Toyota;Yaris;1;Наконечник рулевой тяги, правый на Toyota Yaris;Наконечник рулевой тяги, правый. Применяемость: ECHO NCP12 1999-, FUN CARGO NCP2_ 1999-, PLATZ NCP1_ SCP11 1999-, PROBOX/SUCCEED NCP5_ NLP5_ 2002-, RAUM NCZ2_ 2003-, VIOS/SOLUNA VIOS AXP4_ NCP4_ 2002-, VITZ NCP1_ SCP1_ 1999-, WILL CYPHA NCP7_ 2002-, WILL VI NCP19 2000-2001, YARIS 1999-. OEM:4504659026, 4504659025, 4504659045. Артикул: HT822232. Производитель Hanse (Чехия). Высокое качество. Звоните, заказывайте!;4700;
Toyota;Yaris;1;Рулевая тяга на Toyota Yaris;Рулевая тяга. Применяемость: ECHO NCP12 1999-, FUN CARGO NCP2_ 1999-, PLATZ NCP1_ SCP11 1999-, PROBOX/SUCCEED NCP5_ NLP5_ 2002-, RAUM NCZ2_ 2003-, VIOS/SOLUNA VIOS AXP4_ NCP4_ 2002-, VITZ NCP1_ SCP1_ 1999-, WILL CYPHA NCP7_ 2002-, WILL VI NCP19 2000-2001, YARIS 1999-. OEM:4550359045, 4550352010. Артикул: HT820125. Производитель Hanse (Чехия). Высокое качество. Звоните, заказывайте!;4500;
Toyota;Yaris;1;Наконечник рулевой тяги, левый на Toyota Yaris;Наконечник рулевой тяги, левый. Применяемость: ECHO NCP12 1999-, FUN CARGO NCP2_ 1999-, PLATZ NCP1_ SCP11 1999-, PROBOX/SUCCEED NCP5_ NLP5_ 2002-, RAUM NCZ2_ 2003-, VIOS/SOLUNA VIOS AXP4_ NCP4_ 2002-, VITZ NCP1_ SCP1_ 1999-, WILL CYPHA NCP7_ 2002-, WILL VI NCP19 2000-2001, YARIS 1999-. OEM:4504759026, 4504759025, 4504759035. Артикул: HT821231. Производитель Hanse (Чехия). Высокое качество. Звоните, заказывайте!;4700;
Toyota;Yaris;1;Втулка стабилизатора передней подвески, внутренняя на Toyota Yaris;Втулка стабилизатора передней подвески, внутренняя. Применяемость: BB, ECHO, FUN CARGO, IST, PLATZ, PORTE, PROBOX/SUCCEED, RAUM, SCION, SIENTA, TOYOTA XA, VITZ, WILL, YARIS, YARIS/ECHO, YARIS/ECHO VERSO . OEM:4881552030. Артикул: HR821351. Производитель Hanse (Чехия). Высокое качество. Звоните, заказывайте!;600;
Toyota;Yaris;1;Чехол рулевой рейки на Toyota Yaris;Чехол рулевой рейки. Применяемость: BB/OPEN DECK NCP35 4WD 2003-2005, COROLLA RUNX/ALLEX NZE121/ZZE122/ZZE123 2001-2006, COROLLA SPACIO NZE121/ZZE122 2001-2007, COROLLA/FIELDER CE121/NZE12#/ZZE12# 2000-2006, ECHO NCP12/NCP13 1999-2005, ISIS ANM10/ZGM10/ZGM11/ZNM10 2004-, IST NCP65 4WD 2002-2007, PRIUS NHW20 2003-2009, SCION XB NCP31 2003-2006, SIENTA NCP81 2003-, SIENTA NCP85 4WD 2003-, VIOS/SOLUNA VIOS AXP4#/NCP4#/SCP4# 2002-, WILL VS NZE127/ZZE127 2001-2004, WISH ANE1#/ZNE1# 2003-2009, XA NCP61 2003-2006, YARIS/ECHO NCP1#/SCP10 1999-2005. OEM:4553552060. Артикул: HR820472. Производитель Hanse (Чехия). Высокое качество. Звоните, заказывайте!;1500;
